"","water_year","position","TimePeriod","TimePercentage","Species","Life_Stage","Hydraulic","Node","bottom_type","WYT","Suitability_Class"
"1",2010,"MC","Annual",97.0772919283023,"Cladophora","N/A","Shear Stress","F300","Soft","WET","High"
"2",2011,"MC","Annual",98.9640255009108,"Cladophora","N/A","Shear Stress","F300","Soft","WET","High"
"3",2012,"MC","Annual",98.9269406392694,"Cladophora","N/A","Shear Stress","F300","Soft","DRY","High"
"4",2013,"MC","Annual",99.4292237442922,"Cladophora","N/A","Shear Stress","F300","Soft","DRY","High"
"5",2014,"MC","Annual",99.0182648401827,"Cladophora","N/A","Shear Stress","F300","Soft","DRY","High"
"6",2015,"MC","Annual",99.3283242258652,"Cladophora","N/A","Shear Stress","F300","Soft","MODERATE","High"
"7",2016,"MC","Annual",97.7283105022831,"Cladophora","N/A","Shear Stress","F300","Soft","DRY","High"
"8",2010,"LOB","Annual",98.9382349583286,"Cladophora","N/A","Shear Stress","F300","Soft","WET","High"
"9",2011,"LOB","Annual",99.4193989071038,"Cladophora","N/A","Shear Stress","F300","Soft","WET","High"
"10",2012,"LOB","Annual",99.7945205479452,"Cladophora","N/A","Shear Stress","F300","Soft","DRY","High"
"11",2013,"LOB","Annual",99.7716894977169,"Cladophora","N/A","Shear Stress","F300","Soft","DRY","High"
"12",2014,"LOB","Annual",99.6689497716895,"Cladophora","N/A","Shear Stress","F300","Soft","DRY","High"
"13",2015,"LOB","Annual",99.6926229508197,"Cladophora","N/A","Shear Stress","F300","Soft","MODERATE","High"
"14",2016,"LOB","Annual",99.1324200913242,"Cladophora","N/A","Shear Stress","F300","Soft","DRY","High"
"15",2010,"ROB","Annual",98.9382349583286,"Cladophora","N/A","Shear Stress","F300","Soft","WET","High"
"16",2011,"ROB","Annual",99.4193989071038,"Cladophora","N/A","Shear Stress","F300","Soft","WET","High"
"17",2012,"ROB","Annual",99.7945205479452,"Cladophora","N/A","Shear Stress","F300","Soft","DRY","High"
"18",2013,"ROB","Annual",99.7716894977169,"Cladophora","N/A","Shear Stress","F300","Soft","DRY","High"
"19",2014,"ROB","Annual",99.6689497716895,"Cladophora","N/A","Shear Stress","F300","Soft","DRY","High"
"20",2015,"ROB","Annual",99.6926229508197,"Cladophora","N/A","Shear Stress","F300","Soft","MODERATE","High"
"21",2016,"ROB","Annual",99.1324200913242,"Cladophora","N/A","Shear Stress","F300","Soft","DRY","High"
"22",2010,"MC","Annual",100,"Cladophora","N/A","Shear Stress","F319","Concrete","WET","High"
"23",2011,"MC","Annual",100,"Cladophora","N/A","Shear Stress","F319","Concrete","WET","High"
"24",2012,"MC","Annual",100,"Cladophora","N/A","Shear Stress","F319","Concrete","DRY","High"
"25",2013,"MC","Annual",100,"Cladophora","N/A","Shear Stress","F319","Concrete","DRY","High"
"26",2014,"MC","Annual",100,"Cladophora","N/A","Shear Stress","F319","Concrete","DRY","High"
"27",2015,"MC","Annual",100,"Cladophora","N/A","Shear Stress","F319","Concrete","MODERATE","High"
"28",2016,"MC","Annual",100,"Cladophora","N/A","Shear Stress","F319","Concrete","DRY","High"
"29",2010,"MC","Annual",100,"Cladophora","N/A","Shear Stress","F34D","Concrete","WET","High"
"30",2011,"MC","Annual",100,"Cladophora","N/A","Shear Stress","F34D","Concrete","WET","High"
"31",2012,"MC","Annual",100,"Cladophora","N/A","Shear Stress","F34D","Concrete","DRY","High"
"32",2013,"MC","Annual",100,"Cladophora","N/A","Shear Stress","F34D","Concrete","DRY","High"
"33",2014,"MC","Annual",100,"Cladophora","N/A","Shear Stress","F34D","Concrete","DRY","High"
"34",2015,"MC","Annual",100,"Cladophora","N/A","Shear Stress","F34D","Concrete","MODERATE","High"
"35",2016,"MC","Annual",100,"Cladophora","N/A","Shear Stress","F34D","Concrete","DRY","High"
"36",2010,"MC","Annual",100,"Cladophora","N/A","Shear Stress","F37BHigh","Soft","WET","High"
"37",2011,"MC","Annual",100,"Cladophora","N/A","Shear Stress","F37BHigh","Soft","WET","High"
"38",2012,"MC","Annual",100,"Cladophora","N/A","Shear Stress","F37BHigh","Soft","DRY","High"
"39",2013,"MC","Annual",100,"Cladophora","N/A","Shear Stress","F37BHigh","Soft","DRY","High"
"40",2014,"MC","Annual",100,"Cladophora","N/A","Shear Stress","F37BHigh","Soft","DRY","High"
"41",2015,"MC","Annual",100,"Cladophora","N/A","Shear Stress","F37BHigh","Soft","MODERATE","High"
"42",2016,"MC","Annual",100,"Cladophora","N/A","Shear Stress","F37BHigh","Soft","DRY","High"
"43",2010,"MC","Annual",100,"Cladophora","N/A","Shear Stress","F37BLow","Soft","WET","High"
"44",2011,"MC","Annual",100,"Cladophora","N/A","Shear Stress","F37BLow","Soft","WET","High"
"45",2012,"MC","Annual",100,"Cladophora","N/A","Shear Stress","F37BLow","Soft","DRY","High"
"46",2013,"MC","Annual",100,"Cladophora","N/A","Shear Stress","F37BLow","Soft","DRY","High"
"47",2014,"MC","Annual",100,"Cladophora","N/A","Shear Stress","F37BLow","Soft","DRY","High"
"48",2015,"MC","Annual",100,"Cladophora","N/A","Shear Stress","F37BLow","Soft","MODERATE","High"
"49",2016,"MC","Annual",100,"Cladophora","N/A","Shear Stress","F37BLow","Soft","DRY","High"
"50",2010,"LOB","Annual",100,"Cladophora","N/A","Shear Stress","F37BLow","Soft","WET","High"
"51",2011,"LOB","Annual",100,"Cladophora","N/A","Shear Stress","F37BLow","Soft","WET","High"
"52",2012,"LOB","Annual",100,"Cladophora","N/A","Shear Stress","F37BLow","Soft","DRY","High"
"53",2013,"LOB","Annual",100,"Cladophora","N/A","Shear Stress","F37BLow","Soft","DRY","High"
"54",2014,"LOB","Annual",100,"Cladophora","N/A","Shear Stress","F37BLow","Soft","DRY","High"
"55",2015,"LOB","Annual",100,"Cladophora","N/A","Shear Stress","F37BLow","Soft","MODERATE","High"
"56",2016,"LOB","Annual",100,"Cladophora","N/A","Shear Stress","F37BLow","Soft","DRY","High"
"57",2010,"ROB","Annual",100,"Cladophora","N/A","Shear Stress","F37BLow","Soft","WET","High"
"58",2011,"ROB","Annual",100,"Cladophora","N/A","Shear Stress","F37BLow","Soft","WET","High"
"59",2012,"ROB","Annual",100,"Cladophora","N/A","Shear Stress","F37BLow","Soft","DRY","High"
"60",2013,"ROB","Annual",100,"Cladophora","N/A","Shear Stress","F37BLow","Soft","DRY","High"
"61",2014,"ROB","Annual",100,"Cladophora","N/A","Shear Stress","F37BLow","Soft","DRY","High"
"62",2015,"ROB","Annual",100,"Cladophora","N/A","Shear Stress","F37BLow","Soft","MODERATE","High"
"63",2016,"ROB","Annual",100,"Cladophora","N/A","Shear Stress","F37BLow","Soft","DRY","High"
"64",2010,"MC","Annual",100,"Cladophora","N/A","Shear Stress","F45B","Concrete","WET","High"
"65",2011,"MC","Annual",100,"Cladophora","N/A","Shear Stress","F45B","Concrete","WET","High"
"66",2012,"MC","Annual",100,"Cladophora","N/A","Shear Stress","F45B","Concrete","DRY","High"
"67",2013,"MC","Annual",100,"Cladophora","N/A","Shear Stress","F45B","Concrete","DRY","High"
"68",2014,"MC","Annual",100,"Cladophora","N/A","Shear Stress","F45B","Concrete","DRY","High"
"69",2015,"MC","Annual",100,"Cladophora","N/A","Shear Stress","F45B","Concrete","MODERATE","High"
"70",2016,"MC","Annual",100,"Cladophora","N/A","Shear Stress","F45B","Concrete","DRY","High"
"71",2010,"MC","Annual",99.5889941774175,"Cladophora","N/A","Shear Stress","F57C","Soft","WET","High"
"72",2011,"MC","Annual",99.8178506375228,"Cladophora","N/A","Shear Stress","F57C","Soft","WET","High"
"73",2012,"MC","Annual",99.9657534246575,"Cladophora","N/A","Shear Stress","F57C","Soft","DRY","High"
"74",2013,"MC","Annual",99.8744292237443,"Cladophora","N/A","Shear Stress","F57C","Soft","DRY","High"
"75",2014,"MC","Annual",99.8744292237443,"Cladophora","N/A","Shear Stress","F57C","Soft","DRY","High"
"76",2015,"MC","Annual",99.8178506375228,"Cladophora","N/A","Shear Stress","F57C","Soft","MODERATE","High"
"77",2016,"MC","Annual",99.634703196347,"Cladophora","N/A","Shear Stress","F57C","Soft","DRY","High"
"78",2010,"LOB","Annual",99.8515812307341,"Cladophora","N/A","Shear Stress","F57C","Soft","WET","High"
"79",2011,"LOB","Annual",99.9203096539162,"Cladophora","N/A","Shear Stress","F57C","Soft","WET","High"
"80",2012,"LOB","Annual",100,"Cladophora","N/A","Shear Stress","F57C","Soft","DRY","High"
"81",2013,"LOB","Annual",99.9315068493151,"Cladophora","N/A","Shear Stress","F57C","Soft","DRY","High"
"82",2014,"LOB","Annual",99.9543378995434,"Cladophora","N/A","Shear Stress","F57C","Soft","DRY","High"
"83",2015,"LOB","Annual",99.8975409836066,"Cladophora","N/A","Shear Stress","F57C","Soft","MODERATE","High"
"84",2016,"LOB","Annual",99.8173515981735,"Cladophora","N/A","Shear Stress","F57C","Soft","DRY","High"
"85",2010,"ROB","Annual",99.9314990295696,"Cladophora","N/A","Shear Stress","F57C","Soft","WET","High"
"86",2011,"ROB","Annual",99.9886156648452,"Cladophora","N/A","Shear Stress","F57C","Soft","WET","High"
"87",2012,"ROB","Annual",100,"Cladophora","N/A","Shear Stress","F57C","Soft","DRY","High"
"88",2013,"ROB","Annual",99.9771689497717,"Cladophora","N/A","Shear Stress","F57C","Soft","DRY","High"
"89",2014,"ROB","Annual",99.9885844748858,"Cladophora","N/A","Shear Stress","F57C","Soft","DRY","High"
"90",2015,"ROB","Annual",100,"Cladophora","N/A","Shear Stress","F57C","Soft","MODERATE","High"
"91",2016,"ROB","Annual",99.9315068493151,"Cladophora","N/A","Shear Stress","F57C","Soft","DRY","High"
"92",2010,"MC","Annual",98.8240666742779,"Cladophora","N/A","Shear Stress","GLEN","Soft","WET","High"
"93",2011,"MC","Annual",99.4649362477231,"Cladophora","N/A","Shear Stress","GLEN","Soft","WET","High"
"94",2012,"MC","Annual",99.851598173516,"Cladophora","N/A","Shear Stress","GLEN","Soft","DRY","High"
"95",2013,"MC","Annual",99.7716894977169,"Cladophora","N/A","Shear Stress","GLEN","Soft","DRY","High"
"96",2014,"MC","Annual",99.6689497716895,"Cladophora","N/A","Shear Stress","GLEN","Soft","DRY","High"
"97",2015,"MC","Annual",99.6926229508197,"Cladophora","N/A","Shear Stress","GLEN","Soft","MODERATE","High"
"98",2016,"MC","Annual",99.189497716895,"Cladophora","N/A","Shear Stress","GLEN","Soft","DRY","High"
"99",2010,"LOB","Annual",97.0772919283023,"Cladophora","N/A","Shear Stress","GLEN","Soft","WET","High"
"100",2011,"LOB","Annual",98.9754098360656,"Cladophora","N/A","Shear Stress","GLEN","Soft","WET","High"
"101",2012,"LOB","Annual",99.0639269406393,"Cladophora","N/A","Shear Stress","GLEN","Soft","DRY","High"
"102",2013,"LOB","Annual",99.4977168949772,"Cladophora","N/A","Shear Stress","GLEN","Soft","DRY","High"
"103",2014,"LOB","Annual",99.0981735159817,"Cladophora","N/A","Shear Stress","GLEN","Soft","DRY","High"
"104",2015,"LOB","Annual",99.3510928961749,"Cladophora","N/A","Shear Stress","GLEN","Soft","MODERATE","High"
"105",2016,"LOB","Annual",97.8995433789954,"Cladophora","N/A","Shear Stress","GLEN","Soft","DRY","High"
"106",2010,"ROB","Annual",98.0477223427332,"Cladophora","N/A","Shear Stress","GLEN","Soft","WET","High"
"107",2011,"ROB","Annual",99.2030965391621,"Cladophora","N/A","Shear Stress","GLEN","Soft","WET","High"
"108",2012,"ROB","Annual",99.6004566210046,"Cladophora","N/A","Shear Stress","GLEN","Soft","DRY","High"
"109",2013,"ROB","Annual",99.6689497716895,"Cladophora","N/A","Shear Stress","GLEN","Soft","DRY","High"
"110",2014,"ROB","Annual",99.3835616438356,"Cladophora","N/A","Shear Stress","GLEN","Soft","DRY","High"
"111",2015,"ROB","Annual",99.5218579234973,"Cladophora","N/A","Shear Stress","GLEN","Soft","MODERATE","High"
"112",2016,"ROB","Annual",98.7328767123288,"Cladophora","N/A","Shear Stress","GLEN","Soft","DRY","High"
"113",2010,"MC","Annual",99.8744148875442,"Cladophora","N/A","Shear Stress","LA1","Concrete","WET","High"
"114",2011,"MC","Annual",100,"Cladophora","N/A","Shear Stress","LA1","Concrete","WET","High"
"115",2012,"MC","Annual",100,"Cladophora","N/A","Shear Stress","LA1","Concrete","DRY","High"
"116",2013,"MC","Annual",99.9885844748858,"Cladophora","N/A","Shear Stress","LA1","Concrete","DRY","High"
"117",2014,"MC","Annual",99.9885844748858,"Cladophora","N/A","Shear Stress","LA1","Concrete","DRY","High"
"118",2015,"MC","Annual",99.9886156648452,"Cladophora","N/A","Shear Stress","LA1","Concrete","MODERATE","High"
"119",2016,"MC","Annual",99.8059360730594,"Cladophora","N/A","Shear Stress","LA1","Concrete","DRY","High"
"120",2010,"MC","Annual",100,"Cladophora","N/A","Shear Stress","LA11","Soft","WET","High"
"121",2011,"MC","Annual",100,"Cladophora","N/A","Shear Stress","LA11","Soft","WET","High"
"122",2012,"MC","Annual",100,"Cladophora","N/A","Shear Stress","LA11","Soft","DRY","High"
"123",2013,"MC","Annual",100,"Cladophora","N/A","Shear Stress","LA11","Soft","DRY","High"
"124",2014,"MC","Annual",100,"Cladophora","N/A","Shear Stress","LA11","Soft","DRY","High"
"125",2015,"MC","Annual",100,"Cladophora","N/A","Shear Stress","LA11","Soft","MODERATE","High"
"126",2016,"MC","Annual",100,"Cladophora","N/A","Shear Stress","LA11","Soft","DRY","High"
"127",2010,"LOB","Annual",100,"Cladophora","N/A","Shear Stress","LA11","Soft","WET","High"
"128",2011,"LOB","Annual",100,"Cladophora","N/A","Shear Stress","LA11","Soft","WET","High"
"129",2012,"LOB","Annual",100,"Cladophora","N/A","Shear Stress","LA11","Soft","DRY","High"
"130",2013,"LOB","Annual",100,"Cladophora","N/A","Shear Stress","LA11","Soft","DRY","High"
"131",2014,"LOB","Annual",100,"Cladophora","N/A","Shear Stress","LA11","Soft","DRY","High"
"132",2015,"LOB","Annual",100,"Cladophora","N/A","Shear Stress","LA11","Soft","MODERATE","High"
"133",2016,"LOB","Annual",100,"Cladophora","N/A","Shear Stress","LA11","Soft","DRY","High"
"134",2010,"ROB","Annual",100,"Cladophora","N/A","Shear Stress","LA11","Soft","WET","High"
"135",2011,"ROB","Annual",100,"Cladophora","N/A","Shear Stress","LA11","Soft","WET","High"
"136",2012,"ROB","Annual",100,"Cladophora","N/A","Shear Stress","LA11","Soft","DRY","High"
"137",2013,"ROB","Annual",100,"Cladophora","N/A","Shear Stress","LA11","Soft","DRY","High"
"138",2014,"ROB","Annual",100,"Cladophora","N/A","Shear Stress","LA11","Soft","DRY","High"
"139",2015,"ROB","Annual",100,"Cladophora","N/A","Shear Stress","LA11","Soft","MODERATE","High"
"140",2016,"ROB","Annual",100,"Cladophora","N/A","Shear Stress","LA11","Soft","DRY","High"
"141",2010,"MC","Annual",100,"Cladophora","N/A","Shear Stress","LA13","Concrete","WET","High"
"142",2011,"MC","Annual",100,"Cladophora","N/A","Shear Stress","LA13","Concrete","WET","High"
"143",2012,"MC","Annual",100,"Cladophora","N/A","Shear Stress","LA13","Concrete","DRY","High"
"144",2013,"MC","Annual",100,"Cladophora","N/A","Shear Stress","LA13","Concrete","DRY","High"
"145",2014,"MC","Annual",100,"Cladophora","N/A","Shear Stress","LA13","Concrete","DRY","High"
"146",2015,"MC","Annual",100,"Cladophora","N/A","Shear Stress","LA13","Concrete","MODERATE","High"
"147",2016,"MC","Annual",100,"Cladophora","N/A","Shear Stress","LA13","Concrete","DRY","High"
"148",2010,"MC","Annual",97.8993035734673,"Cladophora","N/A","Shear Stress","LA14","Soft","WET","High"
"149",2011,"MC","Annual",99.1689435336976,"Cladophora","N/A","Shear Stress","LA14","Soft","WET","High"
"150",2012,"MC","Annual",99.4634703196347,"Cladophora","N/A","Shear Stress","LA14","Soft","DRY","High"
"151",2013,"MC","Annual",99.6118721461187,"Cladophora","N/A","Shear Stress","LA14","Soft","DRY","High"
"152",2014,"MC","Annual",99.3493150684932,"Cladophora","N/A","Shear Stress","LA14","Soft","DRY","High"
"153",2015,"MC","Annual",99.4649362477231,"Cladophora","N/A","Shear Stress","LA14","Soft","MODERATE","High"
"154",2016,"MC","Annual",98.6073059360731,"Cladophora","N/A","Shear Stress","LA14","Soft","DRY","High"
"155",2010,"LOB","Annual",89.3366822696655,"Cladophora","N/A","Shear Stress","LA14","Soft","WET","High"
"156",2011,"LOB","Annual",97.6662112932605,"Cladophora","N/A","Shear Stress","LA14","Soft","WET","High"
"157",2012,"LOB","Annual",96.6552511415525,"Cladophora","N/A","Shear Stress","LA14","Soft","DRY","High"
"158",2013,"LOB","Annual",98.5958904109589,"Cladophora","N/A","Shear Stress","LA14","Soft","DRY","High"
"159",2014,"LOB","Annual",97.6141552511416,"Cladophora","N/A","Shear Stress","LA14","Soft","DRY","High"
"160",2015,"LOB","Annual",98.0077413479053,"Cladophora","N/A","Shear Stress","LA14","Soft","MODERATE","High"
"161",2016,"LOB","Annual",95.0570776255708,"Cladophora","N/A","Shear Stress","LA14","Soft","DRY","High"
"169",2010,"MC","Annual",99.7602466034936,"Cladophora","N/A","Shear Stress","LA2","Soft","WET","High"
"170",2011,"MC","Annual",99.9886156648452,"Cladophora","N/A","Shear Stress","LA2","Soft","WET","High"
"171",2012,"MC","Annual",100,"Cladophora","N/A","Shear Stress","LA2","Soft","DRY","High"
"172",2013,"MC","Annual",99.9543378995434,"Cladophora","N/A","Shear Stress","LA2","Soft","DRY","High"
"173",2014,"MC","Annual",99.9771689497717,"Cladophora","N/A","Shear Stress","LA2","Soft","DRY","High"
"174",2015,"MC","Annual",99.9658469945355,"Cladophora","N/A","Shear Stress","LA2","Soft","MODERATE","High"
"175",2016,"MC","Annual",99.7374429223744,"Cladophora","N/A","Shear Stress","LA2","Soft","DRY","High"
"176",2010,"LOB","Annual",100,"Cladophora","N/A","Shear Stress","LA2","Soft","WET","High"
"177",2011,"LOB","Annual",100,"Cladophora","N/A","Shear Stress","LA2","Soft","WET","High"
"178",2012,"LOB","Annual",100,"Cladophora","N/A","Shear Stress","LA2","Soft","DRY","High"
"179",2013,"LOB","Annual",100,"Cladophora","N/A","Shear Stress","LA2","Soft","DRY","High"
"180",2014,"LOB","Annual",100,"Cladophora","N/A","Shear Stress","LA2","Soft","DRY","High"
"181",2015,"LOB","Annual",100,"Cladophora","N/A","Shear Stress","LA2","Soft","MODERATE","High"
"182",2016,"LOB","Annual",100,"Cladophora","N/A","Shear Stress","LA2","Soft","DRY","High"
"183",2010,"ROB","Annual",100,"Cladophora","N/A","Shear Stress","LA2","Soft","WET","High"
"184",2011,"ROB","Annual",100,"Cladophora","N/A","Shear Stress","LA2","Soft","WET","High"
"185",2012,"ROB","Annual",100,"Cladophora","N/A","Shear Stress","LA2","Soft","DRY","High"
"186",2013,"ROB","Annual",100,"Cladophora","N/A","Shear Stress","LA2","Soft","DRY","High"
"187",2014,"ROB","Annual",100,"Cladophora","N/A","Shear Stress","LA2","Soft","DRY","High"
"188",2015,"ROB","Annual",100,"Cladophora","N/A","Shear Stress","LA2","Soft","MODERATE","High"
"189",2016,"ROB","Annual",100,"Cladophora","N/A","Shear Stress","LA2","Soft","DRY","High"
"190",2010,"MC","Annual",99.4862427217719,"Cladophora","N/A","Shear Stress","LA201","Soft","WET","High"
"191",2011,"MC","Annual",99.6470856102004,"Cladophora","N/A","Shear Stress","LA201","Soft","WET","High"
"192",2012,"MC","Annual",99.851598173516,"Cladophora","N/A","Shear Stress","LA201","Soft","DRY","High"
"193",2013,"MC","Annual",99.851598173516,"Cladophora","N/A","Shear Stress","LA201","Soft","DRY","High"
"194",2014,"MC","Annual",99.7716894977169,"Cladophora","N/A","Shear Stress","LA201","Soft","DRY","High"
"195",2015,"MC","Annual",99.7723132969035,"Cladophora","N/A","Shear Stress","LA201","Soft","MODERATE","High"
"196",2016,"MC","Annual",99.4292237442922,"Cladophora","N/A","Shear Stress","LA201","Soft","DRY","High"
"197",2010,"LOB","Annual",99.8173307455189,"Cladophora","N/A","Shear Stress","LA201","Soft","WET","High"
"198",2011,"LOB","Annual",99.8633879781421,"Cladophora","N/A","Shear Stress","LA201","Soft","WET","High"
"199",2012,"LOB","Annual",100,"Cladophora","N/A","Shear Stress","LA201","Soft","DRY","High"
"200",2013,"LOB","Annual",99.9315068493151,"Cladophora","N/A","Shear Stress","LA201","Soft","DRY","High"
"201",2014,"LOB","Annual",99.9315068493151,"Cladophora","N/A","Shear Stress","LA201","Soft","DRY","High"
"202",2015,"LOB","Annual",99.9089253187614,"Cladophora","N/A","Shear Stress","LA201","Soft","MODERATE","High"
"203",2016,"LOB","Annual",99.7602739726027,"Cladophora","N/A","Shear Stress","LA201","Soft","DRY","High"
"204",2010,"ROB","Annual",99.8173307455189,"Cladophora","N/A","Shear Stress","LA201","Soft","WET","High"
"205",2011,"ROB","Annual",99.8633879781421,"Cladophora","N/A","Shear Stress","LA201","Soft","WET","High"
"206",2012,"ROB","Annual",100,"Cladophora","N/A","Shear Stress","LA201","Soft","DRY","High"
"207",2013,"ROB","Annual",99.9315068493151,"Cladophora","N/A","Shear Stress","LA201","Soft","DRY","High"
"208",2014,"ROB","Annual",99.9315068493151,"Cladophora","N/A","Shear Stress","LA201","Soft","DRY","High"
"209",2015,"ROB","Annual",99.9089253187614,"Cladophora","N/A","Shear Stress","LA201","Soft","MODERATE","High"
"210",2016,"ROB","Annual",99.7602739726027,"Cladophora","N/A","Shear Stress","LA201","Soft","DRY","High"
"211",2010,"MC","Annual",95.7638730303722,"Cladophora","N/A","Shear Stress","LA202","Soft","WET","High"
"212",2011,"MC","Annual",98.2695810564663,"Cladophora","N/A","Shear Stress","LA202","Soft","WET","High"
"213",2012,"MC","Annual",97.8538812785388,"Cladophora","N/A","Shear Stress","LA202","Soft","DRY","High"
"214",2013,"MC","Annual",98.9383561643835,"Cladophora","N/A","Shear Stress","LA202","Soft","DRY","High"
"215",2014,"MC","Annual",98.2191780821918,"Cladophora","N/A","Shear Stress","LA202","Soft","DRY","High"
"216",2015,"MC","Annual",98.6680327868852,"Cladophora","N/A","Shear Stress","LA202","Soft","MODERATE","High"
"217",2016,"MC","Annual",96.1872146118722,"Cladophora","N/A","Shear Stress","LA202","Soft","DRY","High"
"218",2010,"LOB","Annual",99.942909340032,"Cladophora","N/A","Shear Stress","LA202","Soft","WET","High"
"219",2011,"LOB","Annual",99.9886156648452,"Cladophora","N/A","Shear Stress","LA202","Soft","WET","High"
"220",2012,"LOB","Annual",100,"Cladophora","N/A","Shear Stress","LA202","Soft","DRY","High"
"221",2013,"LOB","Annual",99.9885844748858,"Cladophora","N/A","Shear Stress","LA202","Soft","DRY","High"
"222",2014,"LOB","Annual",100,"Cladophora","N/A","Shear Stress","LA202","Soft","DRY","High"
"223",2015,"LOB","Annual",99.9886156648452,"Cladophora","N/A","Shear Stress","LA202","Soft","MODERATE","High"
"224",2016,"LOB","Annual",99.9200913242009,"Cladophora","N/A","Shear Stress","LA202","Soft","DRY","High"
"225",2010,"ROB","Annual",99.9885818680064,"Cladophora","N/A","Shear Stress","LA202","Soft","WET","High"
"226",2011,"ROB","Annual",99.9886156648452,"Cladophora","N/A","Shear Stress","LA202","Soft","WET","High"
"227",2012,"ROB","Annual",100,"Cladophora","N/A","Shear Stress","LA202","Soft","DRY","High"
"228",2013,"ROB","Annual",100,"Cladophora","N/A","Shear Stress","LA202","Soft","DRY","High"
"229",2014,"ROB","Annual",100,"Cladophora","N/A","Shear Stress","LA202","Soft","DRY","High"
"230",2015,"ROB","Annual",100,"Cladophora","N/A","Shear Stress","LA202","Soft","MODERATE","High"
"231",2016,"ROB","Annual",99.9771689497717,"Cladophora","N/A","Shear Stress","LA202","Soft","DRY","High"
"232",2010,"MC","Annual",97.9563877154926,"Cladophora","N/A","Shear Stress","LA3","Soft","WET","High"
"233",2011,"MC","Annual",99.2941712204007,"Cladophora","N/A","Shear Stress","LA3","Soft","WET","High"
"234",2012,"MC","Annual",99.7488584474886,"Cladophora","N/A","Shear Stress","LA3","Soft","DRY","High"
"235",2013,"MC","Annual",99.703196347032,"Cladophora","N/A","Shear Stress","LA3","Soft","DRY","High"
"236",2014,"MC","Annual",99.5433789954338,"Cladophora","N/A","Shear Stress","LA3","Soft","DRY","High"
"237",2015,"MC","Annual",99.6015482695811,"Cladophora","N/A","Shear Stress","LA3","Soft","MODERATE","High"
"238",2016,"MC","Annual",98.6073059360731,"Cladophora","N/A","Shear Stress","LA3","Soft","DRY","High"
"239",2010,"LOB","Annual",98.515812307341,"Cladophora","N/A","Shear Stress","LA3","Soft","WET","High"
"240",2011,"LOB","Annual",99.4990892531876,"Cladophora","N/A","Shear Stress","LA3","Soft","WET","High"
"241",2012,"LOB","Annual",99.851598173516,"Cladophora","N/A","Shear Stress","LA3","Soft","DRY","High"
"242",2013,"LOB","Annual",99.7602739726027,"Cladophora","N/A","Shear Stress","LA3","Soft","DRY","High"
"243",2014,"LOB","Annual",99.8059360730594,"Cladophora","N/A","Shear Stress","LA3","Soft","DRY","High"
"244",2015,"LOB","Annual",99.7609289617486,"Cladophora","N/A","Shear Stress","LA3","Soft","MODERATE","High"
"245",2016,"LOB","Annual",98.9840182648402,"Cladophora","N/A","Shear Stress","LA3","Soft","DRY","High"
"246",2010,"ROB","Annual",98.515812307341,"Cladophora","N/A","Shear Stress","LA3","Soft","WET","High"
"247",2011,"ROB","Annual",99.4990892531876,"Cladophora","N/A","Shear Stress","LA3","Soft","WET","High"
"248",2012,"ROB","Annual",99.851598173516,"Cladophora","N/A","Shear Stress","LA3","Soft","DRY","High"
"249",2013,"ROB","Annual",99.7602739726027,"Cladophora","N/A","Shear Stress","LA3","Soft","DRY","High"
"250",2014,"ROB","Annual",99.8059360730594,"Cladophora","N/A","Shear Stress","LA3","Soft","DRY","High"
"251",2015,"ROB","Annual",99.7609289617486,"Cladophora","N/A","Shear Stress","LA3","Soft","MODERATE","High"
"252",2016,"ROB","Annual",98.9840182648402,"Cladophora","N/A","Shear Stress","LA3","Soft","DRY","High"
"253",2010,"MC","Annual",100,"Cladophora","N/A","Shear Stress","LA8","Soft","WET","High"
"254",2011,"MC","Annual",100,"Cladophora","N/A","Shear Stress","LA8","Soft","WET","High"
"255",2012,"MC","Annual",100,"Cladophora","N/A","Shear Stress","LA8","Soft","DRY","High"
"256",2013,"MC","Annual",100,"Cladophora","N/A","Shear Stress","LA8","Soft","DRY","High"
"257",2014,"MC","Annual",100,"Cladophora","N/A","Shear Stress","LA8","Soft","DRY","High"
"258",2015,"MC","Annual",100,"Cladophora","N/A","Shear Stress","LA8","Soft","MODERATE","High"
"259",2016,"MC","Annual",100,"Cladophora","N/A","Shear Stress","LA8","Soft","DRY","High"
"260",2010,"LOB","Annual",100,"Cladophora","N/A","Shear Stress","LA8","Soft","WET","High"
"261",2011,"LOB","Annual",100,"Cladophora","N/A","Shear Stress","LA8","Soft","WET","High"
"262",2012,"LOB","Annual",100,"Cladophora","N/A","Shear Stress","LA8","Soft","DRY","High"
"263",2013,"LOB","Annual",100,"Cladophora","N/A","Shear Stress","LA8","Soft","DRY","High"
"264",2014,"LOB","Annual",100,"Cladophora","N/A","Shear Stress","LA8","Soft","DRY","High"
"265",2015,"LOB","Annual",100,"Cladophora","N/A","Shear Stress","LA8","Soft","MODERATE","High"
"266",2016,"LOB","Annual",100,"Cladophora","N/A","Shear Stress","LA8","Soft","DRY","High"
"267",2010,"ROB","Annual",100,"Cladophora","N/A","Shear Stress","LA8","Soft","WET","High"
"268",2011,"ROB","Annual",100,"Cladophora","N/A","Shear Stress","LA8","Soft","WET","High"
"269",2012,"ROB","Annual",100,"Cladophora","N/A","Shear Stress","LA8","Soft","DRY","High"
"270",2013,"ROB","Annual",100,"Cladophora","N/A","Shear Stress","LA8","Soft","DRY","High"
"271",2014,"ROB","Annual",100,"Cladophora","N/A","Shear Stress","LA8","Soft","DRY","High"
"272",2015,"ROB","Annual",100,"Cladophora","N/A","Shear Stress","LA8","Soft","MODERATE","High"
"273",2016,"ROB","Annual",100,"Cladophora","N/A","Shear Stress","LA8","Soft","DRY","High"
"274",2010,"MC","Annual",100,"Cladophora","N/A","Shear Stress","N11101250","Soft","WET","High"
"275",2011,"MC","Annual",100,"Cladophora","N/A","Shear Stress","N11101250","Soft","WET","High"
"276",2012,"MC","Annual",100,"Cladophora","N/A","Shear Stress","N11101250","Soft","DRY","High"
"277",2013,"MC","Annual",100,"Cladophora","N/A","Shear Stress","N11101250","Soft","DRY","High"
"278",2014,"MC","Annual",100,"Cladophora","N/A","Shear Stress","N11101250","Soft","DRY","High"
"279",2015,"MC","Annual",100,"Cladophora","N/A","Shear Stress","N11101250","Soft","MODERATE","High"
"280",2016,"MC","Annual",100,"Cladophora","N/A","Shear Stress","N11101250","Soft","DRY","High"
"281",2010,"LOB","Annual",100,"Cladophora","N/A","Shear Stress","N11101250","Soft","WET","High"
"282",2011,"LOB","Annual",100,"Cladophora","N/A","Shear Stress","N11101250","Soft","WET","High"
"283",2012,"LOB","Annual",100,"Cladophora","N/A","Shear Stress","N11101250","Soft","DRY","High"
"284",2013,"LOB","Annual",100,"Cladophora","N/A","Shear Stress","N11101250","Soft","DRY","High"
"285",2014,"LOB","Annual",100,"Cladophora","N/A","Shear Stress","N11101250","Soft","DRY","High"
"286",2015,"LOB","Annual",100,"Cladophora","N/A","Shear Stress","N11101250","Soft","MODERATE","High"
"287",2016,"LOB","Annual",100,"Cladophora","N/A","Shear Stress","N11101250","Soft","DRY","High"
"288",2010,"ROB","Annual",100,"Cladophora","N/A","Shear Stress","N11101250","Soft","WET","High"
"289",2011,"ROB","Annual",100,"Cladophora","N/A","Shear Stress","N11101250","Soft","WET","High"
"290",2012,"ROB","Annual",100,"Cladophora","N/A","Shear Stress","N11101250","Soft","DRY","High"
"291",2013,"ROB","Annual",100,"Cladophora","N/A","Shear Stress","N11101250","Soft","DRY","High"
"292",2014,"ROB","Annual",100,"Cladophora","N/A","Shear Stress","N11101250","Soft","DRY","High"
"293",2015,"ROB","Annual",100,"Cladophora","N/A","Shear Stress","N11101250","Soft","MODERATE","High"
"294",2016,"ROB","Annual",100,"Cladophora","N/A","Shear Stress","N11101250","Soft","DRY","High"
"162",2010,"MC","critical",98.1209150326797,"Cladophora","N/A","Shear Stress","F300","Soft","WET","High"
"295",2011,"MC","critical",98.8834422657952,"Cladophora","N/A","Shear Stress","F300","Soft","WET","High"
"310",2012,"MC","critical",99.5642701525055,"Cladophora","N/A","Shear Stress","F300","Soft","DRY","High"
"410",2013,"MC","critical",99.6459694989107,"Cladophora","N/A","Shear Stress","F300","Soft","DRY","High"
"510",2014,"MC","critical",99.4825708061002,"Cladophora","N/A","Shear Stress","F300","Soft","DRY","High"
"610",2015,"MC","critical",99.537037037037,"Cladophora","N/A","Shear Stress","F300","Soft","MODERATE","High"
"710",2016,"MC","critical",99.8638344226579,"Cladophora","N/A","Shear Stress","F300","Soft","DRY","High"
"810",2010,"LOB","critical",99.1830065359477,"Cladophora","N/A","Shear Stress","F300","Soft","WET","High"
"910",2011,"LOB","critical",99.3464052287582,"Cladophora","N/A","Shear Stress","F300","Soft","WET","High"
"1010",2012,"LOB","critical",99.8366013071895,"Cladophora","N/A","Shear Stress","F300","Soft","DRY","High"
"1110",2013,"LOB","critical",99.9183006535948,"Cladophora","N/A","Shear Stress","F300","Soft","DRY","High"
"1210",2014,"LOB","critical",99.8910675381264,"Cladophora","N/A","Shear Stress","F300","Soft","DRY","High"
"1310",2015,"LOB","critical",99.8093681917211,"Cladophora","N/A","Shear Stress","F300","Soft","MODERATE","High"
"1410",2016,"LOB","critical",100,"Cladophora","N/A","Shear Stress","F300","Soft","DRY","High"
"1510",2010,"ROB","critical",99.1830065359477,"Cladophora","N/A","Shear Stress","F300","Soft","WET","High"
"163",2011,"ROB","critical",99.3464052287582,"Cladophora","N/A","Shear Stress","F300","Soft","WET","High"
"1710",2012,"ROB","critical",99.8366013071895,"Cladophora","N/A","Shear Stress","F300","Soft","DRY","High"
"1810",2013,"ROB","critical",99.9183006535948,"Cladophora","N/A","Shear Stress","F300","Soft","DRY","High"
"1910",2014,"ROB","critical",99.8910675381264,"Cladophora","N/A","Shear Stress","F300","Soft","DRY","High"
"2010",2015,"ROB","critical",99.8093681917211,"Cladophora","N/A","Shear Stress","F300","Soft","MODERATE","High"
"2110",2016,"ROB","critical",100,"Cladophora","N/A","Shear Stress","F300","Soft","DRY","High"
"2210",2010,"MC","critical",100,"Cladophora","N/A","Shear Stress","F319","Concrete","WET","High"
"2310",2011,"MC","critical",100,"Cladophora","N/A","Shear Stress","F319","Concrete","WET","High"
"2410",2012,"MC","critical",100,"Cladophora","N/A","Shear Stress","F319","Concrete","DRY","High"
"2510",2013,"MC","critical",100,"Cladophora","N/A","Shear Stress","F319","Concrete","DRY","High"
"2610",2014,"MC","critical",100,"Cladophora","N/A","Shear Stress","F319","Concrete","DRY","High"
"2710",2015,"MC","critical",100,"Cladophora","N/A","Shear Stress","F319","Concrete","MODERATE","High"
"2810",2016,"MC","critical",100,"Cladophora","N/A","Shear Stress","F319","Concrete","DRY","High"
"296",2010,"MC","critical",100,"Cladophora","N/A","Shear Stress","F34D","Concrete","WET","High"
"301",2011,"MC","critical",100,"Cladophora","N/A","Shear Stress","F34D","Concrete","WET","High"
"311",2012,"MC","critical",100,"Cladophora","N/A","Shear Stress","F34D","Concrete","DRY","High"
"321",2013,"MC","critical",100,"Cladophora","N/A","Shear Stress","F34D","Concrete","DRY","High"
"331",2014,"MC","critical",100,"Cladophora","N/A","Shear Stress","F34D","Concrete","DRY","High"
"341",2015,"MC","critical",100,"Cladophora","N/A","Shear Stress","F34D","Concrete","MODERATE","High"
"351",2016,"MC","critical",100,"Cladophora","N/A","Shear Stress","F34D","Concrete","DRY","High"
"361",2010,"MC","critical",100,"Cladophora","N/A","Shear Stress","F37BHigh","Soft","WET","High"
"371",2011,"MC","critical",100,"Cladophora","N/A","Shear Stress","F37BHigh","Soft","WET","High"
"381",2012,"MC","critical",100,"Cladophora","N/A","Shear Stress","F37BHigh","Soft","DRY","High"
"391",2013,"MC","critical",100,"Cladophora","N/A","Shear Stress","F37BHigh","Soft","DRY","High"
"401",2014,"MC","critical",100,"Cladophora","N/A","Shear Stress","F37BHigh","Soft","DRY","High"
"411",2015,"MC","critical",100,"Cladophora","N/A","Shear Stress","F37BHigh","Soft","MODERATE","High"
"421",2016,"MC","critical",100,"Cladophora","N/A","Shear Stress","F37BHigh","Soft","DRY","High"
"431",2010,"MC","critical",100,"Cladophora","N/A","Shear Stress","F37BLow","Soft","WET","High"
"441",2011,"MC","critical",100,"Cladophora","N/A","Shear Stress","F37BLow","Soft","WET","High"
"451",2012,"MC","critical",100,"Cladophora","N/A","Shear Stress","F37BLow","Soft","DRY","High"
"461",2013,"MC","critical",100,"Cladophora","N/A","Shear Stress","F37BLow","Soft","DRY","High"
"471",2014,"MC","critical",100,"Cladophora","N/A","Shear Stress","F37BLow","Soft","DRY","High"
"481",2015,"MC","critical",100,"Cladophora","N/A","Shear Stress","F37BLow","Soft","MODERATE","High"
"491",2016,"MC","critical",100,"Cladophora","N/A","Shear Stress","F37BLow","Soft","DRY","High"
"501",2010,"LOB","critical",100,"Cladophora","N/A","Shear Stress","F37BLow","Soft","WET","High"
"511",2011,"LOB","critical",100,"Cladophora","N/A","Shear Stress","F37BLow","Soft","WET","High"
"521",2012,"LOB","critical",100,"Cladophora","N/A","Shear Stress","F37BLow","Soft","DRY","High"
"531",2013,"LOB","critical",100,"Cladophora","N/A","Shear Stress","F37BLow","Soft","DRY","High"
"541",2014,"LOB","critical",100,"Cladophora","N/A","Shear Stress","F37BLow","Soft","DRY","High"
"551",2015,"LOB","critical",100,"Cladophora","N/A","Shear Stress","F37BLow","Soft","MODERATE","High"
"561",2016,"LOB","critical",100,"Cladophora","N/A","Shear Stress","F37BLow","Soft","DRY","High"
"571",2010,"ROB","critical",100,"Cladophora","N/A","Shear Stress","F37BLow","Soft","WET","High"
"581",2011,"ROB","critical",100,"Cladophora","N/A","Shear Stress","F37BLow","Soft","WET","High"
"591",2012,"ROB","critical",100,"Cladophora","N/A","Shear Stress","F37BLow","Soft","DRY","High"
"601",2013,"ROB","critical",100,"Cladophora","N/A","Shear Stress","F37BLow","Soft","DRY","High"
"611",2014,"ROB","critical",100,"Cladophora","N/A","Shear Stress","F37BLow","Soft","DRY","High"
"621",2015,"ROB","critical",100,"Cladophora","N/A","Shear Stress","F37BLow","Soft","MODERATE","High"
"631",2016,"ROB","critical",100,"Cladophora","N/A","Shear Stress","F37BLow","Soft","DRY","High"
"641",2010,"MC","critical",100,"Cladophora","N/A","Shear Stress","F45B","Concrete","WET","High"
"651",2011,"MC","critical",100,"Cladophora","N/A","Shear Stress","F45B","Concrete","WET","High"
"661",2012,"MC","critical",100,"Cladophora","N/A","Shear Stress","F45B","Concrete","DRY","High"
"671",2013,"MC","critical",100,"Cladophora","N/A","Shear Stress","F45B","Concrete","DRY","High"
"681",2014,"MC","critical",100,"Cladophora","N/A","Shear Stress","F45B","Concrete","DRY","High"
"691",2015,"MC","critical",100,"Cladophora","N/A","Shear Stress","F45B","Concrete","MODERATE","High"
"701",2016,"MC","critical",100,"Cladophora","N/A","Shear Stress","F45B","Concrete","DRY","High"
"711",2010,"MC","critical",99.4825708061002,"Cladophora","N/A","Shear Stress","F57C","Soft","WET","High"
"721",2011,"MC","critical",99.7821350762527,"Cladophora","N/A","Shear Stress","F57C","Soft","WET","High"
"731",2012,"MC","critical",99.9183006535948,"Cladophora","N/A","Shear Stress","F57C","Soft","DRY","High"
"741",2013,"MC","critical",100,"Cladophora","N/A","Shear Stress","F57C","Soft","DRY","High"
"751",2014,"MC","critical",100,"Cladophora","N/A","Shear Stress","F57C","Soft","DRY","High"
"761",2015,"MC","critical",99.8366013071895,"Cladophora","N/A","Shear Stress","F57C","Soft","MODERATE","High"
"771",2016,"MC","critical",100,"Cladophora","N/A","Shear Stress","F57C","Soft","DRY","High"
"781",2010,"LOB","critical",99.7276688453159,"Cladophora","N/A","Shear Stress","F57C","Soft","WET","High"
"791",2011,"LOB","critical",99.8638344226579,"Cladophora","N/A","Shear Stress","F57C","Soft","WET","High"
"801",2012,"LOB","critical",100,"Cladophora","N/A","Shear Stress","F57C","Soft","DRY","High"
"811",2013,"LOB","critical",100,"Cladophora","N/A","Shear Stress","F57C","Soft","DRY","High"
"821",2014,"LOB","critical",100,"Cladophora","N/A","Shear Stress","F57C","Soft","DRY","High"
"831",2015,"LOB","critical",99.8910675381264,"Cladophora","N/A","Shear Stress","F57C","Soft","MODERATE","High"
"841",2016,"LOB","critical",100,"Cladophora","N/A","Shear Stress","F57C","Soft","DRY","High"
"851",2010,"ROB","critical",99.8366013071895,"Cladophora","N/A","Shear Stress","F57C","Soft","WET","High"
"861",2011,"ROB","critical",99.9727668845316,"Cladophora","N/A","Shear Stress","F57C","Soft","WET","High"
"871",2012,"ROB","critical",100,"Cladophora","N/A","Shear Stress","F57C","Soft","DRY","High"
"881",2013,"ROB","critical",100,"Cladophora","N/A","Shear Stress","F57C","Soft","DRY","High"
"891",2014,"ROB","critical",100,"Cladophora","N/A","Shear Stress","F57C","Soft","DRY","High"
"901",2015,"ROB","critical",100,"Cladophora","N/A","Shear Stress","F57C","Soft","MODERATE","High"
"911",2016,"ROB","critical",100,"Cladophora","N/A","Shear Stress","F57C","Soft","DRY","High"
"921",2010,"MC","critical",99.2102396514161,"Cladophora","N/A","Shear Stress","GLEN","Soft","WET","High"
"931",2011,"MC","critical",99.3464052287582,"Cladophora","N/A","Shear Stress","GLEN","Soft","WET","High"
"941",2012,"MC","critical",99.8910675381264,"Cladophora","N/A","Shear Stress","GLEN","Soft","DRY","High"
"951",2013,"MC","critical",99.9183006535948,"Cladophora","N/A","Shear Stress","GLEN","Soft","DRY","High"
"961",2014,"MC","critical",99.8638344226579,"Cladophora","N/A","Shear Stress","GLEN","Soft","DRY","High"
"971",2015,"MC","critical",99.8093681917211,"Cladophora","N/A","Shear Stress","GLEN","Soft","MODERATE","High"
"981",2016,"MC","critical",100,"Cladophora","N/A","Shear Stress","GLEN","Soft","DRY","High"
"991",2010,"LOB","critical",98.2570806100218,"Cladophora","N/A","Shear Stress","GLEN","Soft","WET","High"
"1001",2011,"LOB","critical",98.8562091503268,"Cladophora","N/A","Shear Stress","GLEN","Soft","WET","High"
"1011",2012,"LOB","critical",99.6187363834423,"Cladophora","N/A","Shear Stress","GLEN","Soft","DRY","High"
"1021",2013,"LOB","critical",99.7004357298475,"Cladophora","N/A","Shear Stress","GLEN","Soft","DRY","High"
"1031",2014,"LOB","critical",99.5642701525055,"Cladophora","N/A","Shear Stress","GLEN","Soft","DRY","High"
"1041",2015,"LOB","critical",99.5642701525055,"Cladophora","N/A","Shear Stress","GLEN","Soft","MODERATE","High"
"1051",2016,"LOB","critical",99.8910675381264,"Cladophora","N/A","Shear Stress","GLEN","Soft","DRY","High"
"1061",2010,"ROB","critical",98.8834422657952,"Cladophora","N/A","Shear Stress","GLEN","Soft","WET","High"
"1071",2011,"ROB","critical",99.1285403050109,"Cladophora","N/A","Shear Stress","GLEN","Soft","WET","High"
"1081",2012,"ROB","critical",99.7821350762527,"Cladophora","N/A","Shear Stress","GLEN","Soft","DRY","High"
"1091",2013,"ROB","critical",99.8910675381264,"Cladophora","N/A","Shear Stress","GLEN","Soft","DRY","High"
"1101",2014,"ROB","critical",99.7549019607843,"Cladophora","N/A","Shear Stress","GLEN","Soft","DRY","High"
"1111",2015,"ROB","critical",99.6459694989107,"Cladophora","N/A","Shear Stress","GLEN","Soft","MODERATE","High"
"1121",2016,"ROB","critical",100,"Cladophora","N/A","Shear Stress","GLEN","Soft","DRY","High"
"1131",2010,"MC","critical",99.9183006535948,"Cladophora","N/A","Shear Stress","LA1","Concrete","WET","High"
"1141",2011,"MC","critical",100,"Cladophora","N/A","Shear Stress","LA1","Concrete","WET","High"
"1151",2012,"MC","critical",100,"Cladophora","N/A","Shear Stress","LA1","Concrete","DRY","High"
"1161",2013,"MC","critical",100,"Cladophora","N/A","Shear Stress","LA1","Concrete","DRY","High"
"1171",2014,"MC","critical",100,"Cladophora","N/A","Shear Stress","LA1","Concrete","DRY","High"
"1181",2015,"MC","critical",100,"Cladophora","N/A","Shear Stress","LA1","Concrete","MODERATE","High"
"1191",2016,"MC","critical",100,"Cladophora","N/A","Shear Stress","LA1","Concrete","DRY","High"
"1201",2010,"MC","critical",100,"Cladophora","N/A","Shear Stress","LA11","Soft","WET","High"
"1211",2011,"MC","critical",100,"Cladophora","N/A","Shear Stress","LA11","Soft","WET","High"
"1221",2012,"MC","critical",100,"Cladophora","N/A","Shear Stress","LA11","Soft","DRY","High"
"1231",2013,"MC","critical",100,"Cladophora","N/A","Shear Stress","LA11","Soft","DRY","High"
"1241",2014,"MC","critical",100,"Cladophora","N/A","Shear Stress","LA11","Soft","DRY","High"
"1251",2015,"MC","critical",100,"Cladophora","N/A","Shear Stress","LA11","Soft","MODERATE","High"
"1261",2016,"MC","critical",100,"Cladophora","N/A","Shear Stress","LA11","Soft","DRY","High"
"1271",2010,"LOB","critical",100,"Cladophora","N/A","Shear Stress","LA11","Soft","WET","High"
"1281",2011,"LOB","critical",100,"Cladophora","N/A","Shear Stress","LA11","Soft","WET","High"
"1291",2012,"LOB","critical",100,"Cladophora","N/A","Shear Stress","LA11","Soft","DRY","High"
"1301",2013,"LOB","critical",100,"Cladophora","N/A","Shear Stress","LA11","Soft","DRY","High"
"1311",2014,"LOB","critical",100,"Cladophora","N/A","Shear Stress","LA11","Soft","DRY","High"
"1321",2015,"LOB","critical",100,"Cladophora","N/A","Shear Stress","LA11","Soft","MODERATE","High"
"1331",2016,"LOB","critical",100,"Cladophora","N/A","Shear Stress","LA11","Soft","DRY","High"
"1341",2010,"ROB","critical",100,"Cladophora","N/A","Shear Stress","LA11","Soft","WET","High"
"1351",2011,"ROB","critical",100,"Cladophora","N/A","Shear Stress","LA11","Soft","WET","High"
"1361",2012,"ROB","critical",100,"Cladophora","N/A","Shear Stress","LA11","Soft","DRY","High"
"1371",2013,"ROB","critical",100,"Cladophora","N/A","Shear Stress","LA11","Soft","DRY","High"
"1381",2014,"ROB","critical",100,"Cladophora","N/A","Shear Stress","LA11","Soft","DRY","High"
"1391",2015,"ROB","critical",100,"Cladophora","N/A","Shear Stress","LA11","Soft","MODERATE","High"
"1401",2016,"ROB","critical",100,"Cladophora","N/A","Shear Stress","LA11","Soft","DRY","High"
"1411",2010,"MC","critical",100,"Cladophora","N/A","Shear Stress","LA13","Concrete","WET","High"
"1421",2011,"MC","critical",100,"Cladophora","N/A","Shear Stress","LA13","Concrete","WET","High"
"1431",2012,"MC","critical",100,"Cladophora","N/A","Shear Stress","LA13","Concrete","DRY","High"
"1441",2013,"MC","critical",100,"Cladophora","N/A","Shear Stress","LA13","Concrete","DRY","High"
"1451",2014,"MC","critical",100,"Cladophora","N/A","Shear Stress","LA13","Concrete","DRY","High"
"1461",2015,"MC","critical",100,"Cladophora","N/A","Shear Stress","LA13","Concrete","MODERATE","High"
"1471",2016,"MC","critical",100,"Cladophora","N/A","Shear Stress","LA13","Concrete","DRY","High"
"1481",2010,"MC","critical",98.80174291939,"Cladophora","N/A","Shear Stress","LA14","Soft","WET","High"
"1491",2011,"MC","critical",99.0468409586057,"Cladophora","N/A","Shear Stress","LA14","Soft","WET","High"
"1501",2012,"MC","critical",99.6732026143791,"Cladophora","N/A","Shear Stress","LA14","Soft","DRY","High"
"1511",2013,"MC","critical",99.8366013071895,"Cladophora","N/A","Shear Stress","LA14","Soft","DRY","High"
"1521",2014,"MC","critical",99.7276688453159,"Cladophora","N/A","Shear Stress","LA14","Soft","DRY","High"
"1531",2015,"MC","critical",99.6187363834423,"Cladophora","N/A","Shear Stress","LA14","Soft","MODERATE","High"
"1541",2016,"MC","critical",100,"Cladophora","N/A","Shear Stress","LA14","Soft","DRY","High"
"1551",2010,"LOB","critical",86.4923747276688,"Cladophora","N/A","Shear Stress","LA14","Soft","WET","High"
"1561",2011,"LOB","critical",97.5217864923747,"Cladophora","N/A","Shear Stress","LA14","Soft","WET","High"
"1571",2012,"LOB","critical",99.0196078431373,"Cladophora","N/A","Shear Stress","LA14","Soft","DRY","High"
"1581",2013,"LOB","critical",99.0196078431373,"Cladophora","N/A","Shear Stress","LA14","Soft","DRY","High"
"1591",2014,"LOB","critical",98.5566448801743,"Cladophora","N/A","Shear Stress","LA14","Soft","DRY","High"
"1601",2015,"LOB","critical",98.3660130718954,"Cladophora","N/A","Shear Stress","LA14","Soft","MODERATE","High"
"1611",2016,"LOB","critical",99.1830065359477,"Cladophora","N/A","Shear Stress","LA14","Soft","DRY","High"
"1691",2010,"MC","critical",99.8093681917211,"Cladophora","N/A","Shear Stress","LA2","Soft","WET","High"
"1701",2011,"MC","critical",99.9727668845316,"Cladophora","N/A","Shear Stress","LA2","Soft","WET","High"
"1711",2012,"MC","critical",100,"Cladophora","N/A","Shear Stress","LA2","Soft","DRY","High"
"1721",2013,"MC","critical",100,"Cladophora","N/A","Shear Stress","LA2","Soft","DRY","High"
"1731",2014,"MC","critical",100,"Cladophora","N/A","Shear Stress","LA2","Soft","DRY","High"
"1741",2015,"MC","critical",100,"Cladophora","N/A","Shear Stress","LA2","Soft","MODERATE","High"
"1751",2016,"MC","critical",100,"Cladophora","N/A","Shear Stress","LA2","Soft","DRY","High"
"1761",2010,"LOB","critical",100,"Cladophora","N/A","Shear Stress","LA2","Soft","WET","High"
"1771",2011,"LOB","critical",100,"Cladophora","N/A","Shear Stress","LA2","Soft","WET","High"
"1781",2012,"LOB","critical",100,"Cladophora","N/A","Shear Stress","LA2","Soft","DRY","High"
"1791",2013,"LOB","critical",100,"Cladophora","N/A","Shear Stress","LA2","Soft","DRY","High"
"1801",2014,"LOB","critical",100,"Cladophora","N/A","Shear Stress","LA2","Soft","DRY","High"
"1811",2015,"LOB","critical",100,"Cladophora","N/A","Shear Stress","LA2","Soft","MODERATE","High"
"1821",2016,"LOB","critical",100,"Cladophora","N/A","Shear Stress","LA2","Soft","DRY","High"
"1831",2010,"ROB","critical",100,"Cladophora","N/A","Shear Stress","LA2","Soft","WET","High"
"1841",2011,"ROB","critical",100,"Cladophora","N/A","Shear Stress","LA2","Soft","WET","High"
"1851",2012,"ROB","critical",100,"Cladophora","N/A","Shear Stress","LA2","Soft","DRY","High"
"1861",2013,"ROB","critical",100,"Cladophora","N/A","Shear Stress","LA2","Soft","DRY","High"
"1871",2014,"ROB","critical",100,"Cladophora","N/A","Shear Stress","LA2","Soft","DRY","High"
"1881",2015,"ROB","critical",100,"Cladophora","N/A","Shear Stress","LA2","Soft","MODERATE","High"
"1891",2016,"ROB","critical",100,"Cladophora","N/A","Shear Stress","LA2","Soft","DRY","High"
"1901",2010,"MC","critical",99.6187363834423,"Cladophora","N/A","Shear Stress","LA201","Soft","WET","High"
"1911",2011,"MC","critical",99.5642701525055,"Cladophora","N/A","Shear Stress","LA201","Soft","WET","High"
"1921",2012,"MC","critical",99.8910675381264,"Cladophora","N/A","Shear Stress","LA201","Soft","DRY","High"
"1931",2013,"MC","critical",99.9727668845316,"Cladophora","N/A","Shear Stress","LA201","Soft","DRY","High"
"1941",2014,"MC","critical",99.9455337690632,"Cladophora","N/A","Shear Stress","LA201","Soft","DRY","High"
"1951",2015,"MC","critical",99.8366013071895,"Cladophora","N/A","Shear Stress","LA201","Soft","MODERATE","High"
"1961",2016,"MC","critical",100,"Cladophora","N/A","Shear Stress","LA201","Soft","DRY","High"
"1971",2010,"LOB","critical",99.7276688453159,"Cladophora","N/A","Shear Stress","LA201","Soft","WET","High"
"1981",2011,"LOB","critical",99.8366013071895,"Cladophora","N/A","Shear Stress","LA201","Soft","WET","High"
"1991",2012,"LOB","critical",100,"Cladophora","N/A","Shear Stress","LA201","Soft","DRY","High"
"2001",2013,"LOB","critical",100,"Cladophora","N/A","Shear Stress","LA201","Soft","DRY","High"
"2011",2014,"LOB","critical",100,"Cladophora","N/A","Shear Stress","LA201","Soft","DRY","High"
"2021",2015,"LOB","critical",99.9183006535948,"Cladophora","N/A","Shear Stress","LA201","Soft","MODERATE","High"
"2031",2016,"LOB","critical",100,"Cladophora","N/A","Shear Stress","LA201","Soft","DRY","High"
"2041",2010,"ROB","critical",99.7276688453159,"Cladophora","N/A","Shear Stress","LA201","Soft","WET","High"
"2051",2011,"ROB","critical",99.8366013071895,"Cladophora","N/A","Shear Stress","LA201","Soft","WET","High"
"2061",2012,"ROB","critical",100,"Cladophora","N/A","Shear Stress","LA201","Soft","DRY","High"
"2071",2013,"ROB","critical",100,"Cladophora","N/A","Shear Stress","LA201","Soft","DRY","High"
"2081",2014,"ROB","critical",100,"Cladophora","N/A","Shear Stress","LA201","Soft","DRY","High"
"2091",2015,"ROB","critical",99.9183006535948,"Cladophora","N/A","Shear Stress","LA201","Soft","MODERATE","High"
"2101",2016,"ROB","critical",100,"Cladophora","N/A","Shear Stress","LA201","Soft","DRY","High"
"2111",2010,"MC","critical",97.5490196078431,"Cladophora","N/A","Shear Stress","LA202","Soft","WET","High"
"2121",2011,"MC","critical",98.0664488017429,"Cladophora","N/A","Shear Stress","LA202","Soft","WET","High"
"2131",2012,"MC","critical",99.4825708061002,"Cladophora","N/A","Shear Stress","LA202","Soft","DRY","High"
"2141",2013,"MC","critical",99.2647058823529,"Cladophora","N/A","Shear Stress","LA202","Soft","DRY","High"
"2151",2014,"MC","critical",98.9923747276688,"Cladophora","N/A","Shear Stress","LA202","Soft","DRY","High"
"2161",2015,"MC","critical",98.9651416122004,"Cladophora","N/A","Shear Stress","LA202","Soft","MODERATE","High"
"2171",2016,"MC","critical",99.537037037037,"Cladophora","N/A","Shear Stress","LA202","Soft","DRY","High"
"2181",2010,"LOB","critical",99.8638344226579,"Cladophora","N/A","Shear Stress","LA202","Soft","WET","High"
"2191",2011,"LOB","critical",99.9727668845316,"Cladophora","N/A","Shear Stress","LA202","Soft","WET","High"
"2201",2012,"LOB","critical",100,"Cladophora","N/A","Shear Stress","LA202","Soft","DRY","High"
"2211",2013,"LOB","critical",100,"Cladophora","N/A","Shear Stress","LA202","Soft","DRY","High"
"2221",2014,"LOB","critical",100,"Cladophora","N/A","Shear Stress","LA202","Soft","DRY","High"
"2231",2015,"LOB","critical",100,"Cladophora","N/A","Shear Stress","LA202","Soft","MODERATE","High"
"2241",2016,"LOB","critical",100,"Cladophora","N/A","Shear Stress","LA202","Soft","DRY","High"
"2251",2010,"ROB","critical",99.9727668845316,"Cladophora","N/A","Shear Stress","LA202","Soft","WET","High"
"2261",2011,"ROB","critical",99.9727668845316,"Cladophora","N/A","Shear Stress","LA202","Soft","WET","High"
"2271",2012,"ROB","critical",100,"Cladophora","N/A","Shear Stress","LA202","Soft","DRY","High"
"2281",2013,"ROB","critical",100,"Cladophora","N/A","Shear Stress","LA202","Soft","DRY","High"
"2291",2014,"ROB","critical",100,"Cladophora","N/A","Shear Stress","LA202","Soft","DRY","High"
"2301",2015,"ROB","critical",100,"Cladophora","N/A","Shear Stress","LA202","Soft","MODERATE","High"
"2311",2016,"ROB","critical",100,"Cladophora","N/A","Shear Stress","LA202","Soft","DRY","High"
"2321",2010,"MC","critical",99.1285403050109,"Cladophora","N/A","Shear Stress","LA3","Soft","WET","High"
"2331",2011,"MC","critical",99.1830065359477,"Cladophora","N/A","Shear Stress","LA3","Soft","WET","High"
"2341",2012,"MC","critical",99.8093681917211,"Cladophora","N/A","Shear Stress","LA3","Soft","DRY","High"
"2351",2013,"MC","critical",99.8366013071895,"Cladophora","N/A","Shear Stress","LA3","Soft","DRY","High"
"2361",2014,"MC","critical",99.7549019607843,"Cladophora","N/A","Shear Stress","LA3","Soft","DRY","High"
"2371",2015,"MC","critical",99.7276688453159,"Cladophora","N/A","Shear Stress","LA3","Soft","MODERATE","High"
"2381",2016,"MC","critical",100,"Cladophora","N/A","Shear Stress","LA3","Soft","DRY","High"
"2391",2010,"LOB","critical",99.3464052287582,"Cladophora","N/A","Shear Stress","LA3","Soft","WET","High"
"2401",2011,"LOB","critical",99.4825708061002,"Cladophora","N/A","Shear Stress","LA3","Soft","WET","High"
"2411",2012,"LOB","critical",99.9183006535948,"Cladophora","N/A","Shear Stress","LA3","Soft","DRY","High"
"2421",2013,"LOB","critical",99.8638344226579,"Cladophora","N/A","Shear Stress","LA3","Soft","DRY","High"
"2431",2014,"LOB","critical",99.9455337690632,"Cladophora","N/A","Shear Stress","LA3","Soft","DRY","High"
"2441",2015,"LOB","critical",99.8366013071895,"Cladophora","N/A","Shear Stress","LA3","Soft","MODERATE","High"
"2451",2016,"LOB","critical",100,"Cladophora","N/A","Shear Stress","LA3","Soft","DRY","High"
"2461",2010,"ROB","critical",99.3464052287582,"Cladophora","N/A","Shear Stress","LA3","Soft","WET","High"
"2471",2011,"ROB","critical",99.4825708061002,"Cladophora","N/A","Shear Stress","LA3","Soft","WET","High"
"2481",2012,"ROB","critical",99.9183006535948,"Cladophora","N/A","Shear Stress","LA3","Soft","DRY","High"
"2491",2013,"ROB","critical",99.8638344226579,"Cladophora","N/A","Shear Stress","LA3","Soft","DRY","High"
"2501",2014,"ROB","critical",99.9455337690632,"Cladophora","N/A","Shear Stress","LA3","Soft","DRY","High"
"2511",2015,"ROB","critical",99.8366013071895,"Cladophora","N/A","Shear Stress","LA3","Soft","MODERATE","High"
"2521",2016,"ROB","critical",100,"Cladophora","N/A","Shear Stress","LA3","Soft","DRY","High"
"2531",2010,"MC","critical",100,"Cladophora","N/A","Shear Stress","LA8","Soft","WET","High"
"2541",2011,"MC","critical",100,"Cladophora","N/A","Shear Stress","LA8","Soft","WET","High"
"2551",2012,"MC","critical",100,"Cladophora","N/A","Shear Stress","LA8","Soft","DRY","High"
"2561",2013,"MC","critical",100,"Cladophora","N/A","Shear Stress","LA8","Soft","DRY","High"
"2571",2014,"MC","critical",100,"Cladophora","N/A","Shear Stress","LA8","Soft","DRY","High"
"2581",2015,"MC","critical",100,"Cladophora","N/A","Shear Stress","LA8","Soft","MODERATE","High"
"2591",2016,"MC","critical",100,"Cladophora","N/A","Shear Stress","LA8","Soft","DRY","High"
"2601",2010,"LOB","critical",100,"Cladophora","N/A","Shear Stress","LA8","Soft","WET","High"
"2611",2011,"LOB","critical",100,"Cladophora","N/A","Shear Stress","LA8","Soft","WET","High"
"2621",2012,"LOB","critical",100,"Cladophora","N/A","Shear Stress","LA8","Soft","DRY","High"
"2631",2013,"LOB","critical",100,"Cladophora","N/A","Shear Stress","LA8","Soft","DRY","High"
"2641",2014,"LOB","critical",100,"Cladophora","N/A","Shear Stress","LA8","Soft","DRY","High"
"2651",2015,"LOB","critical",100,"Cladophora","N/A","Shear Stress","LA8","Soft","MODERATE","High"
"2661",2016,"LOB","critical",100,"Cladophora","N/A","Shear Stress","LA8","Soft","DRY","High"
"2671",2010,"ROB","critical",100,"Cladophora","N/A","Shear Stress","LA8","Soft","WET","High"
"2681",2011,"ROB","critical",100,"Cladophora","N/A","Shear Stress","LA8","Soft","WET","High"
"2691",2012,"ROB","critical",100,"Cladophora","N/A","Shear Stress","LA8","Soft","DRY","High"
"2701",2013,"ROB","critical",100,"Cladophora","N/A","Shear Stress","LA8","Soft","DRY","High"
"2711",2014,"ROB","critical",100,"Cladophora","N/A","Shear Stress","LA8","Soft","DRY","High"
"2721",2015,"ROB","critical",100,"Cladophora","N/A","Shear Stress","LA8","Soft","MODERATE","High"
"2731",2016,"ROB","critical",100,"Cladophora","N/A","Shear Stress","LA8","Soft","DRY","High"
"2741",2010,"MC","critical",100,"Cladophora","N/A","Shear Stress","N11101250","Soft","WET","High"
"2751",2011,"MC","critical",100,"Cladophora","N/A","Shear Stress","N11101250","Soft","WET","High"
"2761",2012,"MC","critical",100,"Cladophora","N/A","Shear Stress","N11101250","Soft","DRY","High"
"2771",2013,"MC","critical",100,"Cladophora","N/A","Shear Stress","N11101250","Soft","DRY","High"
"2781",2014,"MC","critical",100,"Cladophora","N/A","Shear Stress","N11101250","Soft","DRY","High"
"2791",2015,"MC","critical",100,"Cladophora","N/A","Shear Stress","N11101250","Soft","MODERATE","High"
"2801",2016,"MC","critical",100,"Cladophora","N/A","Shear Stress","N11101250","Soft","DRY","High"
"2811",2010,"LOB","critical",100,"Cladophora","N/A","Shear Stress","N11101250","Soft","WET","High"
"2821",2011,"LOB","critical",100,"Cladophora","N/A","Shear Stress","N11101250","Soft","WET","High"
"2831",2012,"LOB","critical",100,"Cladophora","N/A","Shear Stress","N11101250","Soft","DRY","High"
"2841",2013,"LOB","critical",100,"Cladophora","N/A","Shear Stress","N11101250","Soft","DRY","High"
"2851",2014,"LOB","critical",100,"Cladophora","N/A","Shear Stress","N11101250","Soft","DRY","High"
"2861",2015,"LOB","critical",100,"Cladophora","N/A","Shear Stress","N11101250","Soft","MODERATE","High"
"2871",2016,"LOB","critical",100,"Cladophora","N/A","Shear Stress","N11101250","Soft","DRY","High"
"2881",2010,"ROB","critical",100,"Cladophora","N/A","Shear Stress","N11101250","Soft","WET","High"
"2891",2011,"ROB","critical",100,"Cladophora","N/A","Shear Stress","N11101250","Soft","WET","High"
"2901",2012,"ROB","critical",100,"Cladophora","N/A","Shear Stress","N11101250","Soft","DRY","High"
"2911",2013,"ROB","critical",100,"Cladophora","N/A","Shear Stress","N11101250","Soft","DRY","High"
"2921",2014,"ROB","critical",100,"Cladophora","N/A","Shear Stress","N11101250","Soft","DRY","High"
"2931",2015,"ROB","critical",100,"Cladophora","N/A","Shear Stress","N11101250","Soft","MODERATE","High"
"2941",2016,"ROB","critical",100,"Cladophora","N/A","Shear Stress","N11101250","Soft","DRY","High"
