"","pos_code","Node","Species","Life_Stage","Hydraulic","TimePeriod","position","Overall_Class","sp_code","ClassOrder","Check_Class"
"1","11101250_LOB","11101250","Cladophora","Adult","Depth","critical","LOB","Partial","Cladophora_Adult","2","Low"
"2","11101250_LOB","11101250","Cladophora","Adult","Shear Stress","critical","LOB","High","Cladophora_Adult","3","Low"
"3","11101250_LOB","11101250","Cladophora","Adult","Velocity","critical","LOB","Low","Cladophora_Adult","1","Low"
"4","11101250_LOB","11101250","Santa Ana Sucker","Juvenile","Velocity","summer","LOB","Low","Santa Ana Sucker_Juvenile","1","Low"
"5","11101250_LOB","11101250","Willow","Adult","StreamPower","Annual","LOB","High","Willow_Adult","3","High"
"6","11101250_LOB","11101250","SAS","Adult","Depth","Annual","LOB","Partial","SAS_Adult","2","Low"
"7","11101250_LOB","11101250","SAS","Adult","Velocity","Annual","LOB","Low","SAS_Adult","1","Low"
"8","11101250_LOB","11101250","Steelhead","Migration_Prolonged","Velocity","critical","LOB","High","Steelhead_Migration_Prolonged","3","Low"
"9","11101250_LOB","11101250","Steelhead","Migration_Prolonged","Depth","critical","LOB","Low","Steelhead_Migration_Prolonged","1","Low"
"10","11101250_LOB","11101250","SAS","Juvenile","Depth","critical","LOB","Partial","SAS_Juvenile","2","Partial"
"11","11101250_LOB","11101250","Willow","Seedling","Shear","critical","LOB","Low","Willow_Seedling","1","Low"
"12","11101250_LOB","11101250","Willow","Seedling","Depth","critical","LOB","Low","Willow_Seedling","1","Low"
"13","11101250_LOB","11101250","SAS","Fry","Depth","critical","LOB","Low","SAS_Fry","1","Low"
"14","11101250_LOB","11101250","SAS","Fry","Velocity","critical","LOB","Low","SAS_Fry","1","Low"
"15","11101250_LOB","11101250","Typha","Adult","Depth","Annual","LOB","Low","Typha_Adult","1","Low"
"16","11101250_LOB","11101250","Typha","Adult","Velocity","Annual","LOB","High","Typha_Adult","3","Low"
"17","11101250_LOB","11101250","Steelhead","Migration","Depth","critical","LOB","Low","Steelhead_Migration","1","Low"
"18","11101250_LOB","11101250","Steelhead","Migration","Velocity","critical","LOB","High","Steelhead_Migration","3","Low"
"19","11101250_LOB","11101250","Typha","Seedling","Depth","critical","LOB","Low","Typha_Seedling","1","Low"
"20","11101250_LOB","11101250","Steelhead","Smolts","Depth","critical","LOB","Low","Steelhead_Smolts","1","Low"
"21","11101250_LOB","11101250","Willow","Germination","Depth","critical","LOB","Low","Willow_Germination","1","Low"
"22","11101250_MC","11101250","Cladophora","Adult","Shear Stress","critical","MC","High","Cladophora_Adult","3","Low"
"23","11101250_MC","11101250","Cladophora","Adult","Depth","critical","MC","High","Cladophora_Adult","3","Low"
"24","11101250_MC","11101250","Cladophora","Adult","Velocity","critical","MC","Low","Cladophora_Adult","1","Low"
"25","11101250_MC","11101250","SAS","Adult","Velocity","Annual","MC","Low","SAS_Adult","1","Low"
"26","11101250_MC","11101250","SAS","Adult","Depth","Annual","MC","Partial","SAS_Adult","2","Low"
"27","11101250_MC","11101250","Steelhead","Smolts","Depth","critical","MC","High","Steelhead_Smolts","3","High"
"28","11101250_MC","11101250","SAS","Fry","Velocity","critical","MC","Partial","SAS_Fry","2","Low"
"29","11101250_MC","11101250","SAS","Fry","Depth","critical","MC","Low","SAS_Fry","1","Low"
"30","11101250_MC","11101250","SAS","Juvenile","Depth","critical","MC","Partial","SAS_Juvenile","2","Partial"
"31","11101250_MC","11101250","Steelhead","Migration","Depth","critical","MC","High","Steelhead_Migration","3","High"
"32","11101250_MC","11101250","Steelhead","Migration","Velocity","critical","MC","High","Steelhead_Migration","3","High"
"33","11101250_MC","11101250","Typha","Seedling","Depth","critical","MC","Low","Typha_Seedling","1","Low"
"34","11101250_MC","11101250","Steelhead","Migration_Prolonged","Depth","critical","MC","High","Steelhead_Migration_Prolonged","3","High"
"35","11101250_MC","11101250","Steelhead","Migration_Prolonged","Velocity","critical","MC","High","Steelhead_Migration_Prolonged","3","High"
"36","11101250_MC","11101250","Typha","Adult","Velocity","Annual","MC","High","Typha_Adult","3","High"
"37","11101250_MC","11101250","Typha","Adult","Depth","Annual","MC","High","Typha_Adult","3","High"
"38","11101250_MC","11101250","Willow","Germination","Depth","critical","MC","Low","Willow_Germination","1","Low"
"39","11101250_MC","11101250","Willow","Seedling","Depth","critical","MC","High","Willow_Seedling","3","Low"
"40","11101250_MC","11101250","Willow","Seedling","Shear","critical","MC","Low","Willow_Seedling","1","Low"
"41","11101250_MC","11101250","Willow","Adult","StreamPower","Annual","MC","High","Willow_Adult","3","High"
"42","11101250_MC","11101250","Santa Ana Sucker","Juvenile","Velocity","summer","MC","Low","Santa Ana Sucker_Juvenile","1","Low"
"43","11101250_ROB","11101250","Willow","Seedling","Shear","critical","ROB","Low","Willow_Seedling","1","Low"
"44","11101250_ROB","11101250","Willow","Seedling","Depth","critical","ROB","Low","Willow_Seedling","1","Low"
"45","11101250_ROB","11101250","SAS","Fry","Depth","critical","ROB","Low","SAS_Fry","1","Low"
"46","11101250_ROB","11101250","SAS","Fry","Velocity","critical","ROB","Low","SAS_Fry","1","Low"
"47","11101250_ROB","11101250","Typha","Adult","Depth","Annual","ROB","Low","Typha_Adult","1","Low"
"48","11101250_ROB","11101250","Typha","Adult","Velocity","Annual","ROB","High","Typha_Adult","3","Low"
"49","11101250_ROB","11101250","SAS","Adult","Velocity","Annual","ROB","Low","SAS_Adult","1","Low"
"50","11101250_ROB","11101250","SAS","Adult","Depth","Annual","ROB","Partial","SAS_Adult","2","Low"
"51","11101250_ROB","11101250","Cladophora","Adult","Velocity","critical","ROB","Low","Cladophora_Adult","1","Low"
"52","11101250_ROB","11101250","Cladophora","Adult","Shear Stress","critical","ROB","High","Cladophora_Adult","3","Low"
"53","11101250_ROB","11101250","Cladophora","Adult","Depth","critical","ROB","Partial","Cladophora_Adult","2","Low"
"54","11101250_ROB","11101250","Santa Ana Sucker","Juvenile","Velocity","summer","ROB","Low","Santa Ana Sucker_Juvenile","1","Low"
"55","11101250_ROB","11101250","Steelhead","Migration_Prolonged","Velocity","critical","ROB","High","Steelhead_Migration_Prolonged","3","Low"
"56","11101250_ROB","11101250","Steelhead","Migration_Prolonged","Depth","critical","ROB","Low","Steelhead_Migration_Prolonged","1","Low"
"57","11101250_ROB","11101250","SAS","Juvenile","Depth","critical","ROB","Partial","SAS_Juvenile","2","Partial"
"58","11101250_ROB","11101250","Steelhead","Smolts","Depth","critical","ROB","Low","Steelhead_Smolts","1","Low"
"59","11101250_ROB","11101250","Willow","Adult","StreamPower","Annual","ROB","High","Willow_Adult","3","High"
"60","11101250_ROB","11101250","Typha","Seedling","Depth","critical","ROB","Low","Typha_Seedling","1","Low"
"61","11101250_ROB","11101250","Steelhead","Migration","Velocity","critical","ROB","High","Steelhead_Migration","3","Low"
"62","11101250_ROB","11101250","Steelhead","Migration","Depth","critical","ROB","Low","Steelhead_Migration","1","Low"
"63","11101250_ROB","11101250","Willow","Germination","Depth","critical","ROB","Low","Willow_Germination","1","Low"
"64","F300_LOB","F300","SAS","Fry","Velocity","critical","LOB","Low","SAS_Fry","1","Low"
"65","F300_LOB","F300","SAS","Fry","Depth","critical","LOB","Low","SAS_Fry","1","Low"
"66","F300_LOB","F300","Steelhead","Migration","Velocity","critical","LOB","High","Steelhead_Migration","3","Low"
"67","F300_LOB","F300","Steelhead","Migration","Depth","critical","LOB","Low","Steelhead_Migration","1","Low"
"68","F300_LOB","F300","Cladophora","Adult","Depth","critical","LOB","Low","Cladophora_Adult","1","Low"
"69","F300_LOB","F300","Cladophora","Adult","Shear Stress","critical","LOB","High","Cladophora_Adult","3","Low"
"70","F300_LOB","F300","Cladophora","Adult","Velocity","critical","LOB","Low","Cladophora_Adult","1","Low"
"71","F300_LOB","F300","Willow","Seedling","Shear","critical","LOB","Low","Willow_Seedling","1","Low"
"72","F300_LOB","F300","Willow","Seedling","Depth","critical","LOB","Low","Willow_Seedling","1","Low"
"73","F300_LOB","F300","Steelhead","Migration_Prolonged","Depth","critical","LOB","Low","Steelhead_Migration_Prolonged","1","Low"
"74","F300_LOB","F300","Steelhead","Migration_Prolonged","Velocity","critical","LOB","High","Steelhead_Migration_Prolonged","3","Low"
"75","F300_LOB","F300","SAS","Juvenile","Depth","critical","LOB","Partial","SAS_Juvenile","2","Partial"
"76","F300_LOB","F300","Willow","Germination","Depth","critical","LOB","Low","Willow_Germination","1","Low"
"77","F300_LOB","F300","Typha","Adult","Velocity","Annual","LOB","High","Typha_Adult","3","Low"
"78","F300_LOB","F300","Typha","Adult","Depth","Annual","LOB","Low","Typha_Adult","1","Low"
"79","F300_LOB","F300","SAS","Adult","Depth","Annual","LOB","Partial","SAS_Adult","2","Low"
"80","F300_LOB","F300","SAS","Adult","Velocity","Annual","LOB","Low","SAS_Adult","1","Low"
"81","F300_LOB","F300","Steelhead","Smolts","Depth","critical","LOB","Low","Steelhead_Smolts","1","Low"
"82","F300_LOB","F300","Santa Ana Sucker","Juvenile","Velocity","summer","LOB","Low","Santa Ana Sucker_Juvenile","1","Low"
"83","F300_LOB","F300","Typha","Seedling","Depth","critical","LOB","Low","Typha_Seedling","1","Low"
"84","F300_LOB","F300","Willow","Adult","StreamPower","Annual","LOB","High","Willow_Adult","3","High"
"85","F300_MC","F300","SAS","Fry","Depth","critical","MC","Low","SAS_Fry","1","Low"
"86","F300_MC","F300","SAS","Fry","Velocity","critical","MC","Low","SAS_Fry","1","Low"
"87","F300_MC","F300","SAS","Juvenile","Depth","critical","MC","High","SAS_Juvenile","3","High"
"88","F300_MC","F300","Steelhead","Migration","Velocity","critical","MC","High","Steelhead_Migration","3","High"
"89","F300_MC","F300","Steelhead","Migration","Depth","critical","MC","High","Steelhead_Migration","3","High"
"90","F300_MC","F300","SAS","Adult","Velocity","Annual","MC","Partial","SAS_Adult","2","Partial"
"91","F300_MC","F300","SAS","Adult","Depth","Annual","MC","High","SAS_Adult","3","Partial"
"92","F300_MC","F300","Steelhead","Smolts","Depth","critical","MC","High","Steelhead_Smolts","3","High"
"93","F300_MC","F300","Willow","Seedling","Shear","critical","MC","High","Willow_Seedling","3","High"
"94","F300_MC","F300","Willow","Seedling","Depth","critical","MC","High","Willow_Seedling","3","High"
"95","F300_MC","F300","Steelhead","Migration_Prolonged","Velocity","critical","MC","High","Steelhead_Migration_Prolonged","3","High"
"96","F300_MC","F300","Steelhead","Migration_Prolonged","Depth","critical","MC","High","Steelhead_Migration_Prolonged","3","High"
"97","F300_MC","F300","Typha","Adult","Depth","Annual","MC","High","Typha_Adult","3","Partial"
"98","F300_MC","F300","Typha","Adult","Velocity","Annual","MC","Partial","Typha_Adult","2","Partial"
"99","F300_MC","F300","Cladophora","Adult","Velocity","critical","MC","High","Cladophora_Adult","3","High"
"100","F300_MC","F300","Cladophora","Adult","Shear Stress","critical","MC","High","Cladophora_Adult","3","High"
"101","F300_MC","F300","Cladophora","Adult","Depth","critical","MC","High","Cladophora_Adult","3","High"
"102","F300_MC","F300","Santa Ana Sucker","Juvenile","Velocity","summer","MC","Partial","Santa Ana Sucker_Juvenile","2","Partial"
"103","F300_MC","F300","Typha","Seedling","Depth","critical","MC","Low","Typha_Seedling","1","Low"
"104","F300_MC","F300","Willow","Adult","StreamPower","Annual","MC","High","Willow_Adult","3","High"
"105","F300_MC","F300","Willow","Germination","Depth","critical","MC","Low","Willow_Germination","1","Low"
"106","F300_ROB","F300","Willow","Seedling","Shear","critical","ROB","Low","Willow_Seedling","1","Low"
"107","F300_ROB","F300","Willow","Seedling","Depth","critical","ROB","Low","Willow_Seedling","1","Low"
"108","F300_ROB","F300","SAS","Adult","Depth","Annual","ROB","Partial","SAS_Adult","2","Low"
"109","F300_ROB","F300","SAS","Adult","Velocity","Annual","ROB","Low","SAS_Adult","1","Low"
"110","F300_ROB","F300","Steelhead","Migration_Prolonged","Velocity","critical","ROB","High","Steelhead_Migration_Prolonged","3","Low"
"111","F300_ROB","F300","Steelhead","Migration_Prolonged","Depth","critical","ROB","Low","Steelhead_Migration_Prolonged","1","Low"
"112","F300_ROB","F300","Cladophora","Adult","Velocity","critical","ROB","Low","Cladophora_Adult","1","Low"
"113","F300_ROB","F300","Cladophora","Adult","Depth","critical","ROB","Low","Cladophora_Adult","1","Low"
"114","F300_ROB","F300","Cladophora","Adult","Shear Stress","critical","ROB","High","Cladophora_Adult","3","Low"
"115","F300_ROB","F300","SAS","Fry","Depth","critical","ROB","Low","SAS_Fry","1","Low"
"116","F300_ROB","F300","SAS","Fry","Velocity","critical","ROB","Low","SAS_Fry","1","Low"
"117","F300_ROB","F300","SAS","Juvenile","Depth","critical","ROB","Partial","SAS_Juvenile","2","Partial"
"118","F300_ROB","F300","Willow","Adult","StreamPower","Annual","ROB","High","Willow_Adult","3","High"
"119","F300_ROB","F300","Steelhead","Migration","Depth","critical","ROB","Low","Steelhead_Migration","1","Low"
"120","F300_ROB","F300","Steelhead","Migration","Velocity","critical","ROB","High","Steelhead_Migration","3","Low"
"121","F300_ROB","F300","Steelhead","Smolts","Depth","critical","ROB","Low","Steelhead_Smolts","1","Low"
"122","F300_ROB","F300","Willow","Germination","Depth","critical","ROB","Low","Willow_Germination","1","Low"
"123","F300_ROB","F300","Typha","Adult","Depth","Annual","ROB","Low","Typha_Adult","1","Low"
"124","F300_ROB","F300","Typha","Adult","Velocity","Annual","ROB","High","Typha_Adult","3","Low"
"125","F300_ROB","F300","Santa Ana Sucker","Juvenile","Velocity","summer","ROB","Low","Santa Ana Sucker_Juvenile","1","Low"
"126","F300_ROB","F300","Typha","Seedling","Depth","critical","ROB","Low","Typha_Seedling","1","Low"
"127","F319_MC","F319","Willow","Seedling","Shear","critical","MC","High","Willow_Seedling","3","High"
"128","F319_MC","F319","Willow","Seedling","Depth","critical","MC","High","Willow_Seedling","3","High"
"129","F319_MC","F319","SAS","Adult","Depth","Annual","MC","High","SAS_Adult","3","High"
"130","F319_MC","F319","SAS","Adult","Velocity","Annual","MC","High","SAS_Adult","3","High"
"131","F319_MC","F319","Cladophora","Adult","Velocity","critical","MC","Partial","Cladophora_Adult","2","Partial"
"132","F319_MC","F319","Cladophora","Adult","Depth","critical","MC","High","Cladophora_Adult","3","Partial"
"133","F319_MC","F319","Cladophora","Adult","Shear Stress","critical","MC","High","Cladophora_Adult","3","Partial"
"134","F319_MC","F319","Steelhead","Migration","Velocity","critical","MC","High","Steelhead_Migration","3","High"
"135","F319_MC","F319","Steelhead","Migration","Depth","critical","MC","High","Steelhead_Migration","3","High"
"136","F319_MC","F319","SAS","Juvenile","Depth","critical","MC","High","SAS_Juvenile","3","High"
"137","F319_MC","F319","Willow","Germination","Depth","critical","MC","Low","Willow_Germination","1","Low"
"138","F319_MC","F319","Willow","Adult","StreamPower","Annual","MC","High","Willow_Adult","3","High"
"139","F319_MC","F319","Steelhead","Smolts","Depth","critical","MC","High","Steelhead_Smolts","3","High"
"140","F319_MC","F319","SAS","Fry","Velocity","critical","MC","Low","SAS_Fry","1","Low"
"141","F319_MC","F319","SAS","Fry","Depth","critical","MC","Low","SAS_Fry","1","Low"
"142","F319_MC","F319","Steelhead","Migration_Prolonged","Velocity","critical","MC","High","Steelhead_Migration_Prolonged","3","High"
"143","F319_MC","F319","Steelhead","Migration_Prolonged","Depth","critical","MC","High","Steelhead_Migration_Prolonged","3","High"
"144","F319_MC","F319","Typha","Adult","Velocity","Annual","MC","Partial","Typha_Adult","2","Partial"
"145","F319_MC","F319","Typha","Adult","Depth","Annual","MC","High","Typha_Adult","3","Partial"
"146","F319_MC","F319","Santa Ana Sucker","Juvenile","Velocity","summer","MC","High","Santa Ana Sucker_Juvenile","3","High"
"147","F319_MC","F319","Typha","Seedling","Depth","critical","MC","Low","Typha_Seedling","1","Low"
"148","F34D_MC","F34D","Willow","Seedling","Depth","critical","MC","High","Willow_Seedling","3","Low"
"149","F34D_MC","F34D","Willow","Seedling","Shear","critical","MC","Low","Willow_Seedling","1","Low"
"150","F34D_MC","F34D","Steelhead","Migration_Prolonged","Velocity","critical","MC","High","Steelhead_Migration_Prolonged","3","High"
"151","F34D_MC","F34D","Steelhead","Migration_Prolonged","Depth","critical","MC","High","Steelhead_Migration_Prolonged","3","High"
"152","F34D_MC","F34D","Cladophora","Adult","Velocity","critical","MC","High","Cladophora_Adult","3","High"
"153","F34D_MC","F34D","Cladophora","Adult","Shear Stress","critical","MC","High","Cladophora_Adult","3","High"
"154","F34D_MC","F34D","Cladophora","Adult","Depth","critical","MC","High","Cladophora_Adult","3","High"
"155","F34D_MC","F34D","SAS","Adult","Depth","Annual","MC","High","SAS_Adult","3","High"
"156","F34D_MC","F34D","SAS","Adult","Velocity","Annual","MC","High","SAS_Adult","3","High"
"157","F34D_MC","F34D","Willow","Adult","StreamPower","Annual","MC","High","Willow_Adult","3","High"
"158","F34D_MC","F34D","SAS","Juvenile","Depth","critical","MC","High","SAS_Juvenile","3","High"
"159","F34D_MC","F34D","Steelhead","Migration","Depth","critical","MC","High","Steelhead_Migration","3","High"
"160","F34D_MC","F34D","Steelhead","Migration","Velocity","critical","MC","High","Steelhead_Migration","3","High"
"161","F34D_MC","F34D","SAS","Fry","Depth","critical","MC","Low","SAS_Fry","1","Low"
"162","F34D_MC","F34D","SAS","Fry","Velocity","critical","MC","Low","SAS_Fry","1","Low"
"163","F34D_MC","F34D","Willow","Germination","Depth","critical","MC","Low","Willow_Germination","1","Low"
"164","F34D_MC","F34D","Steelhead","Smolts","Depth","critical","MC","High","Steelhead_Smolts","3","High"
"165","F34D_MC","F34D","Santa Ana Sucker","Juvenile","Velocity","summer","MC","High","Santa Ana Sucker_Juvenile","3","High"
"166","F34D_MC","F34D","Typha","Adult","Depth","Annual","MC","High","Typha_Adult","3","Partial"
"167","F34D_MC","F34D","Typha","Adult","Velocity","Annual","MC","Partial","Typha_Adult","2","Partial"
"168","F34D_MC","F34D","Typha","Seedling","Depth","critical","MC","Low","Typha_Seedling","1","Low"
"169","F37BHigh_MC","F37BHigh","Cladophora","Adult","Shear Stress","critical","MC","Low","Cladophora_Adult","1","Low"
"170","F37BHigh_MC","F37BHigh","Cladophora","Adult","Velocity","critical","MC","Low","Cladophora_Adult","1","Low"
"171","F37BHigh_MC","F37BHigh","Cladophora","Adult","Depth","critical","MC","Partial","Cladophora_Adult","2","Low"
"172","F37BHigh_MC","F37BHigh","Steelhead","Migration","Velocity","critical","MC","Low","Steelhead_Migration","1","Low"
"173","F37BHigh_MC","F37BHigh","Steelhead","Migration","Depth","critical","MC","Low","Steelhead_Migration","1","Low"
"174","F37BHigh_MC","F37BHigh","SAS","Adult","Depth","Annual","MC","Partial","SAS_Adult","2","Low"
"175","F37BHigh_MC","F37BHigh","SAS","Adult","Velocity","Annual","MC","Low","SAS_Adult","1","Low"
"176","F37BHigh_MC","F37BHigh","Willow","Seedling","Depth","critical","MC","Low","Willow_Seedling","1","Low"
"177","F37BHigh_MC","F37BHigh","Willow","Seedling","Shear","critical","MC","Low","Willow_Seedling","1","Low"
"178","F37BHigh_MC","F37BHigh","Steelhead","Migration_Prolonged","Depth","critical","MC","Low","Steelhead_Migration_Prolonged","1","Low"
"179","F37BHigh_MC","F37BHigh","Steelhead","Migration_Prolonged","Velocity","critical","MC","Low","Steelhead_Migration_Prolonged","1","Low"
"180","F37BHigh_MC","F37BHigh","SAS","Fry","Velocity","critical","MC","Low","SAS_Fry","1","Low"
"181","F37BHigh_MC","F37BHigh","SAS","Fry","Depth","critical","MC","Low","SAS_Fry","1","Low"
"182","F37BHigh_MC","F37BHigh","SAS","Juvenile","Depth","critical","MC","Partial","SAS_Juvenile","2","Partial"
"183","F37BHigh_MC","F37BHigh","Willow","Adult","StreamPower","Annual","MC","High","Willow_Adult","3","High"
"184","F37BHigh_MC","F37BHigh","Willow","Germination","Depth","critical","MC","Low","Willow_Germination","1","Low"
"185","F37BHigh_MC","F37BHigh","Santa Ana Sucker","Juvenile","Velocity","summer","MC","Low","Santa Ana Sucker_Juvenile","1","Low"
"186","F37BHigh_MC","F37BHigh","Steelhead","Smolts","Depth","critical","MC","Low","Steelhead_Smolts","1","Low"
"187","F37BHigh_MC","F37BHigh","Typha","Adult","Velocity","Annual","MC","Low","Typha_Adult","1","Low"
"188","F37BHigh_MC","F37BHigh","Typha","Adult","Depth","Annual","MC","Low","Typha_Adult","1","Low"
"189","F37BHigh_MC","F37BHigh","Typha","Seedling","Depth","critical","MC","Low","Typha_Seedling","1","Low"
"190","F37BLow_LOB","F37BLow","Cladophora","Adult","Shear Stress","critical","LOB","Low","Cladophora_Adult","1","Low"
"191","F37BLow_LOB","F37BLow","Cladophora","Adult","Velocity","critical","LOB","Low","Cladophora_Adult","1","Low"
"192","F37BLow_LOB","F37BLow","Cladophora","Adult","Depth","critical","LOB","Low","Cladophora_Adult","1","Low"
"193","F37BLow_LOB","F37BLow","Willow","Adult","StreamPower","Annual","LOB","High","Willow_Adult","3","High"
"194","F37BLow_LOB","F37BLow","Steelhead","Migration_Prolonged","Depth","critical","LOB","Low","Steelhead_Migration_Prolonged","1","Low"
"195","F37BLow_LOB","F37BLow","Steelhead","Migration_Prolonged","Velocity","critical","LOB","Partial","Steelhead_Migration_Prolonged","2","Low"
"196","F37BLow_LOB","F37BLow","SAS","Adult","Depth","Annual","LOB","Partial","SAS_Adult","2","Low"
"197","F37BLow_LOB","F37BLow","SAS","Adult","Velocity","Annual","LOB","Low","SAS_Adult","1","Low"
"198","F37BLow_LOB","F37BLow","Willow","Seedling","Shear","critical","LOB","Low","Willow_Seedling","1","Low"
"199","F37BLow_LOB","F37BLow","Willow","Seedling","Depth","critical","LOB","Low","Willow_Seedling","1","Low"
"200","F37BLow_LOB","F37BLow","SAS","Fry","Depth","critical","LOB","Low","SAS_Fry","1","Low"
"201","F37BLow_LOB","F37BLow","SAS","Fry","Velocity","critical","LOB","Low","SAS_Fry","1","Low"
"202","F37BLow_LOB","F37BLow","Santa Ana Sucker","Juvenile","Velocity","summer","LOB","Low","Santa Ana Sucker_Juvenile","1","Low"
"203","F37BLow_LOB","F37BLow","SAS","Juvenile","Depth","critical","LOB","Partial","SAS_Juvenile","2","Partial"
"204","F37BLow_LOB","F37BLow","Steelhead","Migration","Depth","critical","LOB","Low","Steelhead_Migration","1","Low"
"205","F37BLow_LOB","F37BLow","Steelhead","Migration","Velocity","critical","LOB","Partial","Steelhead_Migration","2","Low"
"206","F37BLow_LOB","F37BLow","Willow","Germination","Depth","critical","LOB","Low","Willow_Germination","1","Low"
"207","F37BLow_LOB","F37BLow","Steelhead","Smolts","Depth","critical","LOB","Low","Steelhead_Smolts","1","Low"
"208","F37BLow_LOB","F37BLow","Typha","Seedling","Depth","critical","LOB","Low","Typha_Seedling","1","Low"
"209","F37BLow_LOB","F37BLow","Typha","Adult","Depth","Annual","LOB","Low","Typha_Adult","1","Low"
"210","F37BLow_LOB","F37BLow","Typha","Adult","Velocity","Annual","LOB","Low","Typha_Adult","1","Low"
"211","F37BLow_MC","F37BLow","Willow","Adult","StreamPower","Annual","MC","High","Willow_Adult","3","High"
"212","F37BLow_MC","F37BLow","Willow","Germination","Depth","critical","MC","Low","Willow_Germination","1","Low"
"213","F37BLow_MC","F37BLow","Willow","Seedling","Depth","critical","MC","Low","Willow_Seedling","1","Low"
"214","F37BLow_MC","F37BLow","Willow","Seedling","Shear","critical","MC","Low","Willow_Seedling","1","Low"
"215","F37BLow_MC","F37BLow","Santa Ana Sucker","Juvenile","Velocity","summer","MC","Low","Santa Ana Sucker_Juvenile","1","Low"
"216","F37BLow_MC","F37BLow","Cladophora","Adult","Shear Stress","critical","MC","Low","Cladophora_Adult","1","Low"
"217","F37BLow_MC","F37BLow","Cladophora","Adult","Depth","critical","MC","Low","Cladophora_Adult","1","Low"
"218","F37BLow_MC","F37BLow","Cladophora","Adult","Velocity","critical","MC","Low","Cladophora_Adult","1","Low"
"219","F37BLow_MC","F37BLow","SAS","Adult","Velocity","Annual","MC","Low","SAS_Adult","1","Low"
"220","F37BLow_MC","F37BLow","SAS","Adult","Depth","Annual","MC","Partial","SAS_Adult","2","Low"
"221","F37BLow_MC","F37BLow","Steelhead","Migration_Prolonged","Velocity","critical","MC","Partial","Steelhead_Migration_Prolonged","2","Low"
"222","F37BLow_MC","F37BLow","Steelhead","Migration_Prolonged","Depth","critical","MC","Low","Steelhead_Migration_Prolonged","1","Low"
"223","F37BLow_MC","F37BLow","Typha","Seedling","Depth","critical","MC","Low","Typha_Seedling","1","Low"
"224","F37BLow_MC","F37BLow","Steelhead","Migration","Depth","critical","MC","Low","Steelhead_Migration","1","Low"
"225","F37BLow_MC","F37BLow","Steelhead","Migration","Velocity","critical","MC","Partial","Steelhead_Migration","2","Low"
"226","F37BLow_MC","F37BLow","SAS","Fry","Depth","critical","MC","Low","SAS_Fry","1","Low"
"227","F37BLow_MC","F37BLow","SAS","Fry","Velocity","critical","MC","Low","SAS_Fry","1","Low"
"228","F37BLow_MC","F37BLow","SAS","Juvenile","Depth","critical","MC","Partial","SAS_Juvenile","2","Partial"
"229","F37BLow_MC","F37BLow","Typha","Adult","Velocity","Annual","MC","Low","Typha_Adult","1","Low"
"230","F37BLow_MC","F37BLow","Typha","Adult","Depth","Annual","MC","Low","Typha_Adult","1","Low"
"231","F37BLow_MC","F37BLow","Steelhead","Smolts","Depth","critical","MC","Low","Steelhead_Smolts","1","Low"
"232","F37BLow_ROB","F37BLow","Willow","Seedling","Shear","critical","ROB","Low","Willow_Seedling","1","Low"
"233","F37BLow_ROB","F37BLow","Willow","Seedling","Depth","critical","ROB","Low","Willow_Seedling","1","Low"
"234","F37BLow_ROB","F37BLow","Cladophora","Adult","Depth","critical","ROB","High","Cladophora_Adult","3","Low"
"235","F37BLow_ROB","F37BLow","Cladophora","Adult","Shear Stress","critical","ROB","Low","Cladophora_Adult","1","Low"
"236","F37BLow_ROB","F37BLow","Cladophora","Adult","Velocity","critical","ROB","Low","Cladophora_Adult","1","Low"
"237","F37BLow_ROB","F37BLow","Willow","Adult","StreamPower","Annual","ROB","High","Willow_Adult","3","High"
"238","F37BLow_ROB","F37BLow","Steelhead","Migration","Depth","critical","ROB","Low","Steelhead_Migration","1","Low"
"239","F37BLow_ROB","F37BLow","Steelhead","Migration","Velocity","critical","ROB","Partial","Steelhead_Migration","2","Low"
"240","F37BLow_ROB","F37BLow","Willow","Germination","Depth","critical","ROB","Low","Willow_Germination","1","Low"
"241","F37BLow_ROB","F37BLow","SAS","Juvenile","Depth","critical","ROB","Partial","SAS_Juvenile","2","Partial"
"242","F37BLow_ROB","F37BLow","SAS","Adult","Velocity","Annual","ROB","Low","SAS_Adult","1","Low"
"243","F37BLow_ROB","F37BLow","SAS","Adult","Depth","Annual","ROB","Partial","SAS_Adult","2","Low"
"244","F37BLow_ROB","F37BLow","Steelhead","Migration_Prolonged","Depth","critical","ROB","Low","Steelhead_Migration_Prolonged","1","Low"
"245","F37BLow_ROB","F37BLow","Steelhead","Migration_Prolonged","Velocity","critical","ROB","Partial","Steelhead_Migration_Prolonged","2","Low"
"246","F37BLow_ROB","F37BLow","Typha","Seedling","Depth","critical","ROB","Partial","Typha_Seedling","2","Partial"
"247","F37BLow_ROB","F37BLow","Santa Ana Sucker","Juvenile","Velocity","summer","ROB","Low","Santa Ana Sucker_Juvenile","1","Low"
"248","F37BLow_ROB","F37BLow","Typha","Adult","Depth","Annual","ROB","Partial","Typha_Adult","2","Partial"
"249","F37BLow_ROB","F37BLow","Typha","Adult","Velocity","Annual","ROB","High","Typha_Adult","3","Partial"
"250","F37BLow_ROB","F37BLow","SAS","Fry","Depth","critical","ROB","Low","SAS_Fry","1","Low"
"251","F37BLow_ROB","F37BLow","SAS","Fry","Velocity","critical","ROB","Low","SAS_Fry","1","Low"
"252","F37BLow_ROB","F37BLow","Steelhead","Smolts","Depth","critical","ROB","Low","Steelhead_Smolts","1","Low"
"253","F45B_MC","F45B","Willow","Germination","Depth","critical","MC","Low","Willow_Germination","1","Low"
"254","F45B_MC","F45B","Willow","Adult","StreamPower","Annual","MC","High","Willow_Adult","3","High"
"255","F45B_MC","F45B","Steelhead","Migration_Prolonged","Depth","critical","MC","Low","Steelhead_Migration_Prolonged","1","Low"
"256","F45B_MC","F45B","Steelhead","Migration_Prolonged","Velocity","critical","MC","Low","Steelhead_Migration_Prolonged","1","Low"
"257","F45B_MC","F45B","Willow","Seedling","Depth","critical","MC","Low","Willow_Seedling","1","Low"
"258","F45B_MC","F45B","Willow","Seedling","Shear","critical","MC","Low","Willow_Seedling","1","Low"
"259","F45B_MC","F45B","Cladophora","Adult","Shear Stress","critical","MC","Low","Cladophora_Adult","1","Low"
"260","F45B_MC","F45B","Cladophora","Adult","Depth","critical","MC","Low","Cladophora_Adult","1","Low"
"261","F45B_MC","F45B","Cladophora","Adult","Velocity","critical","MC","Low","Cladophora_Adult","1","Low"
"262","F45B_MC","F45B","SAS","Adult","Velocity","Annual","MC","Low","SAS_Adult","1","Low"
"263","F45B_MC","F45B","SAS","Adult","Depth","Annual","MC","Partial","SAS_Adult","2","Low"
"264","F45B_MC","F45B","Typha","Seedling","Depth","critical","MC","Low","Typha_Seedling","1","Low"
"265","F45B_MC","F45B","Typha","Adult","Depth","Annual","MC","Low","Typha_Adult","1","Low"
"266","F45B_MC","F45B","Typha","Adult","Velocity","Annual","MC","Partial","Typha_Adult","2","Low"
"267","F45B_MC","F45B","Santa Ana Sucker","Juvenile","Velocity","summer","MC","Low","Santa Ana Sucker_Juvenile","1","Low"
"268","F45B_MC","F45B","SAS","Fry","Velocity","critical","MC","Low","SAS_Fry","1","Low"
"269","F45B_MC","F45B","SAS","Fry","Depth","critical","MC","Low","SAS_Fry","1","Low"
"270","F45B_MC","F45B","SAS","Juvenile","Depth","critical","MC","Partial","SAS_Juvenile","2","Partial"
"271","F45B_MC","F45B","Steelhead","Smolts","Depth","critical","MC","Low","Steelhead_Smolts","1","Low"
"272","F45B_MC","F45B","Steelhead","Migration","Depth","critical","MC","Low","Steelhead_Migration","1","Low"
"273","F45B_MC","F45B","Steelhead","Migration","Velocity","critical","MC","Low","Steelhead_Migration","1","Low"
"274","F57C_LOB","F57C","Steelhead","Migration_Prolonged","Depth","critical","LOB","High","Steelhead_Migration_Prolonged","3","High"
"275","F57C_LOB","F57C","Steelhead","Migration_Prolonged","Velocity","critical","LOB","High","Steelhead_Migration_Prolonged","3","High"
"276","F57C_LOB","F57C","Typha","Seedling","Depth","critical","LOB","Low","Typha_Seedling","1","Low"
"277","F57C_LOB","F57C","Typha","Adult","Depth","Annual","LOB","High","Typha_Adult","3","Partial"
"278","F57C_LOB","F57C","Typha","Adult","Velocity","Annual","LOB","Partial","Typha_Adult","2","Partial"
"279","F57C_LOB","F57C","SAS","Fry","Velocity","critical","LOB","Low","SAS_Fry","1","Low"
"280","F57C_LOB","F57C","SAS","Fry","Depth","critical","LOB","Low","SAS_Fry","1","Low"
"281","F57C_LOB","F57C","Cladophora","Adult","Depth","critical","LOB","High","Cladophora_Adult","3","High"
"282","F57C_LOB","F57C","Cladophora","Adult","Velocity","critical","LOB","High","Cladophora_Adult","3","High"
"283","F57C_LOB","F57C","Cladophora","Adult","Shear Stress","critical","LOB","High","Cladophora_Adult","3","High"
"284","F57C_LOB","F57C","Willow","Seedling","Depth","critical","LOB","High","Willow_Seedling","3","High"
"285","F57C_LOB","F57C","Willow","Seedling","Shear","critical","LOB","High","Willow_Seedling","3","High"
"286","F57C_LOB","F57C","Willow","Germination","Depth","critical","LOB","Low","Willow_Germination","1","Low"
"287","F57C_LOB","F57C","Willow","Adult","StreamPower","Annual","LOB","High","Willow_Adult","3","High"
"288","F57C_LOB","F57C","SAS","Adult","Depth","Annual","LOB","High","SAS_Adult","3","High"
"289","F57C_LOB","F57C","SAS","Adult","Velocity","Annual","LOB","High","SAS_Adult","3","High"
"290","F57C_LOB","F57C","Santa Ana Sucker","Juvenile","Velocity","summer","LOB","High","Santa Ana Sucker_Juvenile","3","High"
"291","F57C_LOB","F57C","SAS","Juvenile","Depth","critical","LOB","High","SAS_Juvenile","3","High"
"292","F57C_LOB","F57C","Steelhead","Migration","Velocity","critical","LOB","High","Steelhead_Migration","3","High"
"293","F57C_LOB","F57C","Steelhead","Migration","Depth","critical","LOB","High","Steelhead_Migration","3","High"
"294","F57C_LOB","F57C","Steelhead","Smolts","Depth","critical","LOB","High","Steelhead_Smolts","3","High"
"295","F57C_MC","F57C","Typha","Seedling","Depth","critical","MC","Partial","Typha_Seedling","2","Partial"
"296","F57C_MC","F57C","SAS","Fry","Depth","critical","MC","Low","SAS_Fry","1","Low"
"297","F57C_MC","F57C","SAS","Fry","Velocity","critical","MC","Low","SAS_Fry","1","Low"
"298","F57C_MC","F57C","Willow","Germination","Depth","critical","MC","Low","Willow_Germination","1","Low"
"299","F57C_MC","F57C","Cladophora","Adult","Depth","critical","MC","High","Cladophora_Adult","3","Low"
"300","F57C_MC","F57C","Cladophora","Adult","Velocity","critical","MC","Low","Cladophora_Adult","1","Low"
"301","F57C_MC","F57C","Cladophora","Adult","Shear Stress","critical","MC","High","Cladophora_Adult","3","Low"
"302","F57C_MC","F57C","Willow","Adult","StreamPower","Annual","MC","High","Willow_Adult","3","High"
"303","F57C_MC","F57C","Typha","Adult","Depth","Annual","MC","Partial","Typha_Adult","2","Partial"
"304","F57C_MC","F57C","Typha","Adult","Velocity","Annual","MC","Partial","Typha_Adult","2","Partial"
"305","F57C_MC","F57C","Willow","Seedling","Depth","critical","MC","High","Willow_Seedling","3","High"
"306","F57C_MC","F57C","Willow","Seedling","Shear","critical","MC","High","Willow_Seedling","3","High"
"307","F57C_MC","F57C","SAS","Adult","Velocity","Annual","MC","Partial","SAS_Adult","2","Partial"
"308","F57C_MC","F57C","SAS","Adult","Depth","Annual","MC","Partial","SAS_Adult","2","Partial"
"309","F57C_MC","F57C","Steelhead","Migration","Depth","critical","MC","High","Steelhead_Migration","3","High"
"310","F57C_MC","F57C","Steelhead","Migration","Velocity","critical","MC","High","Steelhead_Migration","3","High"
"311","F57C_MC","F57C","Santa Ana Sucker","Juvenile","Velocity","summer","MC","Partial","Santa Ana Sucker_Juvenile","2","Partial"
"312","F57C_MC","F57C","Steelhead","Migration_Prolonged","Depth","critical","MC","High","Steelhead_Migration_Prolonged","3","High"
"313","F57C_MC","F57C","Steelhead","Migration_Prolonged","Velocity","critical","MC","High","Steelhead_Migration_Prolonged","3","High"
"314","F57C_MC","F57C","Steelhead","Smolts","Depth","critical","MC","High","Steelhead_Smolts","3","High"
"315","F57C_MC","F57C","SAS","Juvenile","Depth","critical","MC","Partial","SAS_Juvenile","2","Partial"
"316","F57C_ROB","F57C","Typha","Adult","Depth","Annual","ROB","Low","Typha_Adult","1","Low"
"317","F57C_ROB","F57C","Typha","Adult","Velocity","Annual","ROB","High","Typha_Adult","3","Low"
"318","F57C_ROB","F57C","Typha","Seedling","Depth","critical","ROB","Low","Typha_Seedling","1","Low"
"319","F57C_ROB","F57C","SAS","Fry","Depth","critical","ROB","Low","SAS_Fry","1","Low"
"320","F57C_ROB","F57C","SAS","Fry","Velocity","critical","ROB","Low","SAS_Fry","1","Low"
"321","F57C_ROB","F57C","Steelhead","Smolts","Depth","critical","ROB","Low","Steelhead_Smolts","1","Low"
"322","F57C_ROB","F57C","SAS","Juvenile","Depth","critical","ROB","Partial","SAS_Juvenile","2","Partial"
"323","F57C_ROB","F57C","SAS","Adult","Velocity","Annual","ROB","Low","SAS_Adult","1","Low"
"324","F57C_ROB","F57C","SAS","Adult","Depth","Annual","ROB","Partial","SAS_Adult","2","Low"
"325","F57C_ROB","F57C","Willow","Germination","Depth","critical","ROB","Low","Willow_Germination","1","Low"
"326","F57C_ROB","F57C","Willow","Adult","StreamPower","Annual","ROB","High","Willow_Adult","3","High"
"327","F57C_ROB","F57C","Willow","Seedling","Shear","critical","ROB","High","Willow_Seedling","3","Low"
"328","F57C_ROB","F57C","Willow","Seedling","Depth","critical","ROB","Low","Willow_Seedling","1","Low"
"329","F57C_ROB","F57C","Cladophora","Adult","Shear Stress","critical","ROB","High","Cladophora_Adult","3","Low"
"330","F57C_ROB","F57C","Cladophora","Adult","Depth","critical","ROB","Low","Cladophora_Adult","1","Low"
"331","F57C_ROB","F57C","Cladophora","Adult","Velocity","critical","ROB","Low","Cladophora_Adult","1","Low"
"332","F57C_ROB","F57C","Santa Ana Sucker","Juvenile","Velocity","summer","ROB","Low","Santa Ana Sucker_Juvenile","1","Low"
"333","F57C_ROB","F57C","Steelhead","Migration_Prolonged","Velocity","critical","ROB","High","Steelhead_Migration_Prolonged","3","Low"
"334","F57C_ROB","F57C","Steelhead","Migration_Prolonged","Depth","critical","ROB","Low","Steelhead_Migration_Prolonged","1","Low"
"335","F57C_ROB","F57C","Steelhead","Migration","Velocity","critical","ROB","High","Steelhead_Migration","3","Low"
"336","F57C_ROB","F57C","Steelhead","Migration","Depth","critical","ROB","Low","Steelhead_Migration","1","Low"
"337","GLEN_LOB","GLEN","Typha","Adult","Depth","Annual","LOB","Partial","Typha_Adult","2","Partial"
"338","GLEN_LOB","GLEN","Typha","Adult","Velocity","Annual","LOB","Partial","Typha_Adult","2","Partial"
"339","GLEN_LOB","GLEN","Willow","Seedling","Shear","critical","LOB","High","Willow_Seedling","3","High"
"340","GLEN_LOB","GLEN","Willow","Seedling","Depth","critical","LOB","High","Willow_Seedling","3","High"
"341","GLEN_LOB","GLEN","Typha","Seedling","Depth","critical","LOB","Partial","Typha_Seedling","2","Partial"
"342","GLEN_LOB","GLEN","SAS","Juvenile","Depth","critical","LOB","High","SAS_Juvenile","3","High"
"343","GLEN_LOB","GLEN","SAS","Fry","Velocity","critical","LOB","Low","SAS_Fry","1","Low"
"344","GLEN_LOB","GLEN","SAS","Fry","Depth","critical","LOB","Low","SAS_Fry","1","Low"
"345","GLEN_LOB","GLEN","Willow","Germination","Depth","critical","LOB","Low","Willow_Germination","1","Low"
"346","GLEN_LOB","GLEN","Steelhead","Migration_Prolonged","Depth","critical","LOB","High","Steelhead_Migration_Prolonged","3","High"
"347","GLEN_LOB","GLEN","Steelhead","Migration_Prolonged","Velocity","critical","LOB","High","Steelhead_Migration_Prolonged","3","High"
"348","GLEN_LOB","GLEN","Willow","Adult","StreamPower","Annual","LOB","High","Willow_Adult","3","High"
"349","GLEN_LOB","GLEN","Steelhead","Migration","Velocity","critical","LOB","High","Steelhead_Migration","3","High"
"350","GLEN_LOB","GLEN","Steelhead","Migration","Depth","critical","LOB","High","Steelhead_Migration","3","High"
"351","GLEN_LOB","GLEN","Cladophora","Adult","Shear Stress","critical","LOB","High","Cladophora_Adult","3","Low"
"352","GLEN_LOB","GLEN","Cladophora","Adult","Depth","critical","LOB","High","Cladophora_Adult","3","Low"
"353","GLEN_LOB","GLEN","Cladophora","Adult","Velocity","critical","LOB","Low","Cladophora_Adult","1","Low"
"354","GLEN_LOB","GLEN","Steelhead","Smolts","Depth","critical","LOB","High","Steelhead_Smolts","3","High"
"355","GLEN_LOB","GLEN","SAS","Adult","Velocity","Annual","LOB","Partial","SAS_Adult","2","Partial"
"356","GLEN_LOB","GLEN","SAS","Adult","Depth","Annual","LOB","Partial","SAS_Adult","2","Partial"
"357","GLEN_LOB","GLEN","Santa Ana Sucker","Juvenile","Velocity","summer","LOB","Partial","Santa Ana Sucker_Juvenile","2","Partial"
"358","GLEN_MC","GLEN","Typha","Adult","Depth","Annual","MC","Low","Typha_Adult","1","Low"
"359","GLEN_MC","GLEN","Typha","Adult","Velocity","Annual","MC","Low","Typha_Adult","1","Low"
"360","GLEN_MC","GLEN","Steelhead","Smolts","Depth","critical","MC","Low","Steelhead_Smolts","1","Low"
"361","GLEN_MC","GLEN","Steelhead","Migration_Prolonged","Velocity","critical","MC","High","Steelhead_Migration_Prolonged","3","Low"
"362","GLEN_MC","GLEN","Steelhead","Migration_Prolonged","Depth","critical","MC","Low","Steelhead_Migration_Prolonged","1","Low"
"363","GLEN_MC","GLEN","SAS","Fry","Velocity","critical","MC","Low","SAS_Fry","1","Low"
"364","GLEN_MC","GLEN","SAS","Fry","Depth","critical","MC","Low","SAS_Fry","1","Low"
"365","GLEN_MC","GLEN","SAS","Juvenile","Depth","critical","MC","Partial","SAS_Juvenile","2","Partial"
"366","GLEN_MC","GLEN","Typha","Seedling","Depth","critical","MC","Low","Typha_Seedling","1","Low"
"367","GLEN_MC","GLEN","Willow","Seedling","Depth","critical","MC","Low","Willow_Seedling","1","Low"
"368","GLEN_MC","GLEN","Willow","Seedling","Shear","critical","MC","High","Willow_Seedling","3","Low"
"369","GLEN_MC","GLEN","Willow","Adult","StreamPower","Annual","MC","High","Willow_Adult","3","High"
"370","GLEN_MC","GLEN","Willow","Germination","Depth","critical","MC","Low","Willow_Germination","1","Low"
"371","GLEN_MC","GLEN","Steelhead","Migration","Velocity","critical","MC","High","Steelhead_Migration","3","Low"
"372","GLEN_MC","GLEN","Steelhead","Migration","Depth","critical","MC","Low","Steelhead_Migration","1","Low"
"373","GLEN_MC","GLEN","SAS","Adult","Depth","Annual","MC","Partial","SAS_Adult","2","Partial"
"374","GLEN_MC","GLEN","SAS","Adult","Velocity","Annual","MC","Partial","SAS_Adult","2","Partial"
"375","GLEN_MC","GLEN","Cladophora","Adult","Shear Stress","critical","MC","High","Cladophora_Adult","3","Low"
"376","GLEN_MC","GLEN","Cladophora","Adult","Depth","critical","MC","Low","Cladophora_Adult","1","Low"
"377","GLEN_MC","GLEN","Cladophora","Adult","Velocity","critical","MC","Low","Cladophora_Adult","1","Low"
"378","GLEN_MC","GLEN","Santa Ana Sucker","Juvenile","Velocity","summer","MC","Partial","Santa Ana Sucker_Juvenile","2","Partial"
"379","GLEN_ROB","GLEN","Typha","Adult","Velocity","Annual","ROB","Partial","Typha_Adult","2","Partial"
"380","GLEN_ROB","GLEN","Typha","Adult","Depth","Annual","ROB","Partial","Typha_Adult","2","Partial"
"381","GLEN_ROB","GLEN","SAS","Fry","Velocity","critical","ROB","Low","SAS_Fry","1","Low"
"382","GLEN_ROB","GLEN","SAS","Fry","Depth","critical","ROB","Low","SAS_Fry","1","Low"
"383","GLEN_ROB","GLEN","Steelhead","Smolts","Depth","critical","ROB","Partial","Steelhead_Smolts","2","Partial"
"384","GLEN_ROB","GLEN","Steelhead","Migration_Prolonged","Velocity","critical","ROB","High","Steelhead_Migration_Prolonged","3","Low"
"385","GLEN_ROB","GLEN","Steelhead","Migration_Prolonged","Depth","critical","ROB","Low","Steelhead_Migration_Prolonged","1","Low"
"386","GLEN_ROB","GLEN","SAS","Adult","Depth","Annual","ROB","Partial","SAS_Adult","2","Partial"
"387","GLEN_ROB","GLEN","SAS","Adult","Velocity","Annual","ROB","Partial","SAS_Adult","2","Partial"
"388","GLEN_ROB","GLEN","Cladophora","Adult","Velocity","critical","ROB","Low","Cladophora_Adult","1","Low"
"389","GLEN_ROB","GLEN","Cladophora","Adult","Depth","critical","ROB","High","Cladophora_Adult","3","Low"
"390","GLEN_ROB","GLEN","Cladophora","Adult","Shear Stress","critical","ROB","High","Cladophora_Adult","3","Low"
"391","GLEN_ROB","GLEN","SAS","Juvenile","Depth","critical","ROB","Partial","SAS_Juvenile","2","Partial"
"392","GLEN_ROB","GLEN","Typha","Seedling","Depth","critical","ROB","Partial","Typha_Seedling","2","Partial"
"393","GLEN_ROB","GLEN","Willow","Seedling","Shear","critical","ROB","High","Willow_Seedling","3","Low"
"394","GLEN_ROB","GLEN","Willow","Seedling","Depth","critical","ROB","Low","Willow_Seedling","1","Low"
"395","GLEN_ROB","GLEN","Steelhead","Migration","Velocity","critical","ROB","High","Steelhead_Migration","3","Low"
"396","GLEN_ROB","GLEN","Steelhead","Migration","Depth","critical","ROB","Low","Steelhead_Migration","1","Low"
"397","GLEN_ROB","GLEN","Willow","Germination","Depth","critical","ROB","Low","Willow_Germination","1","Low"
"398","GLEN_ROB","GLEN","Willow","Adult","StreamPower","Annual","ROB","High","Willow_Adult","3","High"
"399","GLEN_ROB","GLEN","Santa Ana Sucker","Juvenile","Velocity","summer","ROB","Partial","Santa Ana Sucker_Juvenile","2","Partial"
"400","LA1_MC","LA1","SAS","Adult","Depth","Annual","MC","High","SAS_Adult","3","Partial"
"401","LA1_MC","LA1","SAS","Adult","Velocity","Annual","MC","Partial","SAS_Adult","2","Partial"
"402","LA1_MC","LA1","Typha","Seedling","Depth","critical","MC","Low","Typha_Seedling","1","Low"
"403","LA1_MC","LA1","Cladophora","Adult","Velocity","critical","MC","Low","Cladophora_Adult","1","Low"
"404","LA1_MC","LA1","Cladophora","Adult","Depth","critical","MC","High","Cladophora_Adult","3","Low"
"405","LA1_MC","LA1","Cladophora","Adult","Shear Stress","critical","MC","High","Cladophora_Adult","3","Low"
"406","LA1_MC","LA1","Typha","Adult","Depth","Annual","MC","High","Typha_Adult","3","Partial"
"407","LA1_MC","LA1","Typha","Adult","Velocity","Annual","MC","Partial","Typha_Adult","2","Partial"
"408","LA1_MC","LA1","Steelhead","Smolts","Depth","critical","MC","High","Steelhead_Smolts","3","High"
"409","LA1_MC","LA1","Steelhead","Migration_Prolonged","Velocity","critical","MC","High","Steelhead_Migration_Prolonged","3","High"
"410","LA1_MC","LA1","Steelhead","Migration_Prolonged","Depth","critical","MC","High","Steelhead_Migration_Prolonged","3","High"
"411","LA1_MC","LA1","Willow","Germination","Depth","critical","MC","Low","Willow_Germination","1","Low"
"412","LA1_MC","LA1","SAS","Fry","Depth","critical","MC","Low","SAS_Fry","1","Low"
"413","LA1_MC","LA1","SAS","Fry","Velocity","critical","MC","Low","SAS_Fry","1","Low"
"414","LA1_MC","LA1","Willow","Seedling","Shear","critical","MC","High","Willow_Seedling","3","High"
"415","LA1_MC","LA1","Willow","Seedling","Depth","critical","MC","High","Willow_Seedling","3","High"
"416","LA1_MC","LA1","Steelhead","Migration","Velocity","critical","MC","High","Steelhead_Migration","3","High"
"417","LA1_MC","LA1","Steelhead","Migration","Depth","critical","MC","High","Steelhead_Migration","3","High"
"418","LA1_MC","LA1","SAS","Juvenile","Depth","critical","MC","High","SAS_Juvenile","3","High"
"419","LA1_MC","LA1","Willow","Adult","StreamPower","Annual","MC","High","Willow_Adult","3","High"
"420","LA1_MC","LA1","Santa Ana Sucker","Juvenile","Velocity","summer","MC","Partial","Santa Ana Sucker_Juvenile","2","Partial"
"421","LA11_LOB","LA11","Steelhead","Smolts","Depth","critical","LOB","Low","Steelhead_Smolts","1","Low"
"422","LA11_LOB","LA11","Steelhead","Migration_Prolonged","Velocity","critical","LOB","High","Steelhead_Migration_Prolonged","3","Low"
"423","LA11_LOB","LA11","Steelhead","Migration_Prolonged","Depth","critical","LOB","Low","Steelhead_Migration_Prolonged","1","Low"
"424","LA11_LOB","LA11","Willow","Seedling","Shear","critical","LOB","Low","Willow_Seedling","1","Low"
"425","LA11_LOB","LA11","Willow","Seedling","Depth","critical","LOB","Low","Willow_Seedling","1","Low"
"426","LA11_LOB","LA11","Steelhead","Migration","Depth","critical","LOB","Low","Steelhead_Migration","1","Low"
"427","LA11_LOB","LA11","Steelhead","Migration","Velocity","critical","LOB","High","Steelhead_Migration","3","Low"
"428","LA11_LOB","LA11","Cladophora","Adult","Shear Stress","critical","LOB","High","Cladophora_Adult","3","Low"
"429","LA11_LOB","LA11","Cladophora","Adult","Velocity","critical","LOB","Low","Cladophora_Adult","1","Low"
"430","LA11_LOB","LA11","Cladophora","Adult","Depth","critical","LOB","Low","Cladophora_Adult","1","Low"
"431","LA11_LOB","LA11","Typha","Adult","Velocity","Annual","LOB","High","Typha_Adult","3","Low"
"432","LA11_LOB","LA11","Typha","Adult","Depth","Annual","LOB","Low","Typha_Adult","1","Low"
"433","LA11_LOB","LA11","SAS","Adult","Depth","Annual","LOB","Partial","SAS_Adult","2","Low"
"434","LA11_LOB","LA11","SAS","Adult","Velocity","Annual","LOB","Low","SAS_Adult","1","Low"
"435","LA11_LOB","LA11","Willow","Germination","Depth","critical","LOB","Low","Willow_Germination","1","Low"
"436","LA11_LOB","LA11","SAS","Fry","Depth","critical","LOB","Low","SAS_Fry","1","Low"
"437","LA11_LOB","LA11","SAS","Fry","Velocity","critical","LOB","Low","SAS_Fry","1","Low"
"438","LA11_LOB","LA11","Santa Ana Sucker","Juvenile","Velocity","summer","LOB","Low","Santa Ana Sucker_Juvenile","1","Low"
"439","LA11_LOB","LA11","SAS","Juvenile","Depth","critical","LOB","Partial","SAS_Juvenile","2","Partial"
"440","LA11_LOB","LA11","Typha","Seedling","Depth","critical","LOB","Low","Typha_Seedling","1","Low"
"441","LA11_LOB","LA11","Willow","Adult","StreamPower","Annual","LOB","High","Willow_Adult","3","High"
"442","LA11_MC","LA11","Willow","Seedling","Shear","critical","MC","High","Willow_Seedling","3","High"
"443","LA11_MC","LA11","Willow","Seedling","Depth","critical","MC","High","Willow_Seedling","3","High"
"444","LA11_MC","LA11","Steelhead","Smolts","Depth","critical","MC","High","Steelhead_Smolts","3","High"
"445","LA11_MC","LA11","Typha","Adult","Depth","Annual","MC","Partial","Typha_Adult","2","Partial"
"446","LA11_MC","LA11","Typha","Adult","Velocity","Annual","MC","Partial","Typha_Adult","2","Partial"
"447","LA11_MC","LA11","SAS","Adult","Depth","Annual","MC","Partial","SAS_Adult","2","Partial"
"448","LA11_MC","LA11","SAS","Adult","Velocity","Annual","MC","High","SAS_Adult","3","Partial"
"449","LA11_MC","LA11","Steelhead","Migration_Prolonged","Velocity","critical","MC","High","Steelhead_Migration_Prolonged","3","High"
"450","LA11_MC","LA11","Steelhead","Migration_Prolonged","Depth","critical","MC","High","Steelhead_Migration_Prolonged","3","High"
"451","LA11_MC","LA11","Cladophora","Adult","Shear Stress","critical","MC","High","Cladophora_Adult","3","Low"
"452","LA11_MC","LA11","Cladophora","Adult","Velocity","critical","MC","Low","Cladophora_Adult","1","Low"
"453","LA11_MC","LA11","Cladophora","Adult","Depth","critical","MC","High","Cladophora_Adult","3","Low"
"454","LA11_MC","LA11","SAS","Juvenile","Depth","critical","MC","High","SAS_Juvenile","3","High"
"455","LA11_MC","LA11","Typha","Seedling","Depth","critical","MC","Partial","Typha_Seedling","2","Partial"
"456","LA11_MC","LA11","Steelhead","Migration","Velocity","critical","MC","High","Steelhead_Migration","3","High"
"457","LA11_MC","LA11","Steelhead","Migration","Depth","critical","MC","High","Steelhead_Migration","3","High"
"458","LA11_MC","LA11","SAS","Fry","Velocity","critical","MC","Low","SAS_Fry","1","Low"
"459","LA11_MC","LA11","SAS","Fry","Depth","critical","MC","Low","SAS_Fry","1","Low"
"460","LA11_MC","LA11","Willow","Germination","Depth","critical","MC","Low","Willow_Germination","1","Low"
"461","LA11_MC","LA11","Willow","Adult","StreamPower","Annual","MC","High","Willow_Adult","3","High"
"462","LA11_MC","LA11","Santa Ana Sucker","Juvenile","Velocity","summer","MC","High","Santa Ana Sucker_Juvenile","3","High"
"463","LA11_ROB","LA11","Steelhead","Migration","Velocity","critical","ROB","High","Steelhead_Migration","3","Low"
"464","LA11_ROB","LA11","Steelhead","Migration","Depth","critical","ROB","Low","Steelhead_Migration","1","Low"
"465","LA11_ROB","LA11","Cladophora","Adult","Shear Stress","critical","ROB","High","Cladophora_Adult","3","Low"
"466","LA11_ROB","LA11","Cladophora","Adult","Depth","critical","ROB","Low","Cladophora_Adult","1","Low"
"467","LA11_ROB","LA11","Cladophora","Adult","Velocity","critical","ROB","Low","Cladophora_Adult","1","Low"
"468","LA11_ROB","LA11","Steelhead","Migration_Prolonged","Velocity","critical","ROB","High","Steelhead_Migration_Prolonged","3","Low"
"469","LA11_ROB","LA11","Steelhead","Migration_Prolonged","Depth","critical","ROB","Low","Steelhead_Migration_Prolonged","1","Low"
"470","LA11_ROB","LA11","Willow","Seedling","Depth","critical","ROB","Low","Willow_Seedling","1","Low"
"471","LA11_ROB","LA11","Willow","Seedling","Shear","critical","ROB","Low","Willow_Seedling","1","Low"
"472","LA11_ROB","LA11","Typha","Adult","Depth","Annual","ROB","Low","Typha_Adult","1","Low"
"473","LA11_ROB","LA11","Typha","Adult","Velocity","Annual","ROB","High","Typha_Adult","3","Low"
"474","LA11_ROB","LA11","SAS","Adult","Depth","Annual","ROB","Partial","SAS_Adult","2","Low"
"475","LA11_ROB","LA11","SAS","Adult","Velocity","Annual","ROB","Low","SAS_Adult","1","Low"
"476","LA11_ROB","LA11","Typha","Seedling","Depth","critical","ROB","Low","Typha_Seedling","1","Low"
"477","LA11_ROB","LA11","Steelhead","Smolts","Depth","critical","ROB","Low","Steelhead_Smolts","1","Low"
"478","LA11_ROB","LA11","Santa Ana Sucker","Juvenile","Velocity","summer","ROB","Low","Santa Ana Sucker_Juvenile","1","Low"
"479","LA11_ROB","LA11","SAS","Fry","Depth","critical","ROB","Low","SAS_Fry","1","Low"
"480","LA11_ROB","LA11","SAS","Fry","Velocity","critical","ROB","Low","SAS_Fry","1","Low"
"481","LA11_ROB","LA11","Willow","Germination","Depth","critical","ROB","Low","Willow_Germination","1","Low"
"482","LA11_ROB","LA11","SAS","Juvenile","Depth","critical","ROB","Partial","SAS_Juvenile","2","Partial"
"483","LA11_ROB","LA11","Willow","Adult","StreamPower","Annual","ROB","High","Willow_Adult","3","High"
"484","LA13_MC","LA13","Steelhead","Migration","Depth","critical","MC","Low","Steelhead_Migration","1","Low"
"485","LA13_MC","LA13","Steelhead","Migration","Velocity","critical","MC","High","Steelhead_Migration","3","Low"
"486","LA13_MC","LA13","Willow","Seedling","Depth","critical","MC","Low","Willow_Seedling","1","Low"
"487","LA13_MC","LA13","Willow","Seedling","Shear","critical","MC","High","Willow_Seedling","3","Low"
"488","LA13_MC","LA13","Steelhead","Smolts","Depth","critical","MC","Low","Steelhead_Smolts","1","Low"
"489","LA13_MC","LA13","SAS","Adult","Depth","Annual","MC","Partial","SAS_Adult","2","Partial"
"490","LA13_MC","LA13","SAS","Adult","Velocity","Annual","MC","Partial","SAS_Adult","2","Partial"
"491","LA13_MC","LA13","Cladophora","Adult","Velocity","critical","MC","Low","Cladophora_Adult","1","Low"
"492","LA13_MC","LA13","Cladophora","Adult","Shear Stress","critical","MC","High","Cladophora_Adult","3","Low"
"493","LA13_MC","LA13","Cladophora","Adult","Depth","critical","MC","High","Cladophora_Adult","3","Low"
"494","LA13_MC","LA13","Santa Ana Sucker","Juvenile","Velocity","summer","MC","Partial","Santa Ana Sucker_Juvenile","2","Partial"
"495","LA13_MC","LA13","Steelhead","Migration_Prolonged","Velocity","critical","MC","High","Steelhead_Migration_Prolonged","3","Low"
"496","LA13_MC","LA13","Steelhead","Migration_Prolonged","Depth","critical","MC","Low","Steelhead_Migration_Prolonged","1","Low"
"497","LA13_MC","LA13","Typha","Adult","Velocity","Annual","MC","Partial","Typha_Adult","2","Partial"
"498","LA13_MC","LA13","Typha","Adult","Depth","Annual","MC","Partial","Typha_Adult","2","Partial"
"499","LA13_MC","LA13","SAS","Juvenile","Depth","critical","MC","Partial","SAS_Juvenile","2","Partial"
"500","LA13_MC","LA13","Typha","Seedling","Depth","critical","MC","Partial","Typha_Seedling","2","Partial"
"501","LA13_MC","LA13","SAS","Fry","Velocity","critical","MC","Low","SAS_Fry","1","Low"
"502","LA13_MC","LA13","SAS","Fry","Depth","critical","MC","High","SAS_Fry","3","Low"
"503","LA13_MC","LA13","Willow","Germination","Depth","critical","MC","Low","Willow_Germination","1","Low"
"504","LA13_MC","LA13","Willow","Adult","StreamPower","Annual","MC","High","Willow_Adult","3","High"
"505","LA14_LOB","LA14","Steelhead","Migration","Depth","critical","LOB","Low","Steelhead_Migration","1","Low"
"506","LA14_LOB","LA14","Steelhead","Migration","Velocity","critical","LOB","High","Steelhead_Migration","3","Low"
"507","LA14_LOB","LA14","Willow","Germination","Depth","critical","LOB","Low","Willow_Germination","1","Low"
"508","LA14_LOB","LA14","Cladophora","Adult","Depth","critical","LOB","High","Cladophora_Adult","3","High"
"509","LA14_LOB","LA14","Cladophora","Adult","Velocity","critical","LOB","High","Cladophora_Adult","3","High"
"510","LA14_LOB","LA14","Cladophora","Adult","Shear Stress","critical","LOB","High","Cladophora_Adult","3","High"
"511","LA14_LOB","LA14","Willow","Seedling","Shear","critical","LOB","High","Willow_Seedling","3","Low"
"512","LA14_LOB","LA14","Willow","Seedling","Depth","critical","LOB","Low","Willow_Seedling","1","Low"
"513","LA14_LOB","LA14","Steelhead","Smolts","Depth","critical","LOB","Low","Steelhead_Smolts","1","Low"
"514","LA14_LOB","LA14","Steelhead","Migration_Prolonged","Velocity","critical","LOB","High","Steelhead_Migration_Prolonged","3","Low"
"515","LA14_LOB","LA14","Steelhead","Migration_Prolonged","Depth","critical","LOB","Low","Steelhead_Migration_Prolonged","1","Low"
"516","LA14_LOB","LA14","Willow","Adult","StreamPower","Annual","LOB","High","Willow_Adult","3","High"
"517","LA14_LOB","LA14","Santa Ana Sucker","Juvenile","Velocity","summer","LOB","High","Santa Ana Sucker_Juvenile","3","High"
"518","LA14_LOB","LA14","SAS","Adult","Depth","Annual","LOB","Partial","SAS_Adult","2","Partial"
"519","LA14_LOB","LA14","SAS","Adult","Velocity","Annual","LOB","High","SAS_Adult","3","Partial"
"520","LA14_LOB","LA14","Typha","Adult","Velocity","Annual","LOB","Partial","Typha_Adult","2","Partial"
"521","LA14_LOB","LA14","Typha","Adult","Depth","Annual","LOB","Partial","Typha_Adult","2","Partial"
"522","LA14_LOB","LA14","SAS","Juvenile","Depth","critical","LOB","Partial","SAS_Juvenile","2","Partial"
"523","LA14_LOB","LA14","Typha","Seedling","Depth","critical","LOB","Partial","Typha_Seedling","2","Partial"
"524","LA14_LOB","LA14","SAS","Fry","Depth","critical","LOB","Partial","SAS_Fry","2","Low"
"525","LA14_LOB","LA14","SAS","Fry","Velocity","critical","LOB","Low","SAS_Fry","1","Low"
"526","LA14_MC","LA14","Willow","Adult","StreamPower","Annual","MC","High","Willow_Adult","3","High"
"527","LA14_MC","LA14","Steelhead","Migration","Velocity","critical","MC","High","Steelhead_Migration","3","Low"
"528","LA14_MC","LA14","Steelhead","Migration","Depth","critical","MC","Low","Steelhead_Migration","1","Low"
"529","LA14_MC","LA14","Typha","Adult","Velocity","Annual","MC","Partial","Typha_Adult","2","Low"
"530","LA14_MC","LA14","Typha","Adult","Depth","Annual","MC","Low","Typha_Adult","1","Low"
"531","LA14_MC","LA14","Steelhead","Smolts","Depth","critical","MC","Low","Steelhead_Smolts","1","Low"
"532","LA14_MC","LA14","Willow","Germination","Depth","critical","MC","Low","Willow_Germination","1","Low"
"533","LA14_MC","LA14","SAS","Adult","Velocity","Annual","MC","High","SAS_Adult","3","Partial"
"534","LA14_MC","LA14","SAS","Adult","Depth","Annual","MC","Partial","SAS_Adult","2","Partial"
"535","LA14_MC","LA14","Willow","Seedling","Shear","critical","MC","High","Willow_Seedling","3","Low"
"536","LA14_MC","LA14","Willow","Seedling","Depth","critical","MC","Low","Willow_Seedling","1","Low"
"537","LA14_MC","LA14","Cladophora","Adult","Shear Stress","critical","MC","High","Cladophora_Adult","3","Low"
"538","LA14_MC","LA14","Cladophora","Adult","Velocity","critical","MC","Low","Cladophora_Adult","1","Low"
"539","LA14_MC","LA14","Cladophora","Adult","Depth","critical","MC","Low","Cladophora_Adult","1","Low"
"540","LA14_MC","LA14","Steelhead","Migration_Prolonged","Depth","critical","MC","Low","Steelhead_Migration_Prolonged","1","Low"
"541","LA14_MC","LA14","Steelhead","Migration_Prolonged","Velocity","critical","MC","High","Steelhead_Migration_Prolonged","3","Low"
"542","LA14_MC","LA14","Santa Ana Sucker","Juvenile","Velocity","summer","MC","High","Santa Ana Sucker_Juvenile","3","High"
"543","LA14_MC","LA14","Typha","Seedling","Depth","critical","MC","Low","Typha_Seedling","1","Low"
"544","LA14_MC","LA14","SAS","Fry","Depth","critical","MC","Low","SAS_Fry","1","Low"
"545","LA14_MC","LA14","SAS","Fry","Velocity","critical","MC","Low","SAS_Fry","1","Low"
"546","LA14_MC","LA14","SAS","Juvenile","Depth","critical","MC","Partial","SAS_Juvenile","2","Partial"
"547","LA14_ROB","LA14","Steelhead","Migration","Depth","critical","ROB","High","Steelhead_Migration","3","High"
"548","LA14_ROB","LA14","Steelhead","Migration","Velocity","critical","ROB","High","Steelhead_Migration","3","High"
"549","LA14_ROB","LA14","Willow","Germination","Depth","critical","ROB","Low","Willow_Germination","1","Low"
"550","LA14_ROB","LA14","Willow","Adult","StreamPower","Annual","ROB","High","Willow_Adult","3","High"
"551","LA14_ROB","LA14","Willow","Seedling","Shear","critical","ROB","High","Willow_Seedling","3","High"
"552","LA14_ROB","LA14","Willow","Seedling","Depth","critical","ROB","High","Willow_Seedling","3","High"
"553","LA14_ROB","LA14","Typha","Adult","Depth","Annual","ROB","Partial","Typha_Adult","2","Partial"
"554","LA14_ROB","LA14","Typha","Adult","Velocity","Annual","ROB","Partial","Typha_Adult","2","Partial"
"555","LA14_ROB","LA14","Santa Ana Sucker","Juvenile","Velocity","summer","ROB","High","Santa Ana Sucker_Juvenile","3","High"
"556","LA14_ROB","LA14","Steelhead","Migration_Prolonged","Velocity","critical","ROB","High","Steelhead_Migration_Prolonged","3","High"
"557","LA14_ROB","LA14","Steelhead","Migration_Prolonged","Depth","critical","ROB","High","Steelhead_Migration_Prolonged","3","High"
"558","LA14_ROB","LA14","Cladophora","Adult","Shear Stress","critical","ROB","High","Cladophora_Adult","3","Partial"
"559","LA14_ROB","LA14","Cladophora","Adult","Depth","critical","ROB","High","Cladophora_Adult","3","Partial"
"560","LA14_ROB","LA14","Cladophora","Adult","Velocity","critical","ROB","Partial","Cladophora_Adult","2","Partial"
"561","LA14_ROB","LA14","SAS","Adult","Depth","Annual","ROB","Partial","SAS_Adult","2","Partial"
"562","LA14_ROB","LA14","SAS","Adult","Velocity","Annual","ROB","High","SAS_Adult","3","Partial"
"563","LA14_ROB","LA14","Steelhead","Smolts","Depth","critical","ROB","High","Steelhead_Smolts","3","High"
"564","LA14_ROB","LA14","Typha","Seedling","Depth","critical","ROB","Partial","Typha_Seedling","2","Partial"
"565","LA14_ROB","LA14","SAS","Fry","Depth","critical","ROB","Low","SAS_Fry","1","Low"
"566","LA14_ROB","LA14","SAS","Fry","Velocity","critical","ROB","Low","SAS_Fry","1","Low"
"567","LA14_ROB","LA14","SAS","Juvenile","Depth","critical","ROB","High","SAS_Juvenile","3","High"
"568","LA2_LOB","LA2","Santa Ana Sucker","Juvenile","Velocity","summer","LOB","Partial","Santa Ana Sucker_Juvenile","2","Partial"
"569","LA2_LOB","LA2","Typha","Seedling","Depth","critical","LOB","Low","Typha_Seedling","1","Low"
"570","LA2_LOB","LA2","Steelhead","Migration_Prolonged","Depth","critical","LOB","Low","Steelhead_Migration_Prolonged","1","Low"
"571","LA2_LOB","LA2","Steelhead","Migration_Prolonged","Velocity","critical","LOB","High","Steelhead_Migration_Prolonged","3","Low"
"572","LA2_LOB","LA2","Willow","Adult","StreamPower","Annual","LOB","High","Willow_Adult","3","High"
"573","LA2_LOB","LA2","SAS","Adult","Velocity","Annual","LOB","Partial","SAS_Adult","2","Partial"
"574","LA2_LOB","LA2","SAS","Adult","Depth","Annual","LOB","Partial","SAS_Adult","2","Partial"
"575","LA2_LOB","LA2","Cladophora","Adult","Depth","critical","LOB","Low","Cladophora_Adult","1","Low"
"576","LA2_LOB","LA2","Cladophora","Adult","Shear Stress","critical","LOB","High","Cladophora_Adult","3","Low"
"577","LA2_LOB","LA2","Cladophora","Adult","Velocity","critical","LOB","Low","Cladophora_Adult","1","Low"
"578","LA2_LOB","LA2","Steelhead","Migration","Velocity","critical","LOB","High","Steelhead_Migration","3","Low"
"579","LA2_LOB","LA2","Steelhead","Migration","Depth","critical","LOB","Low","Steelhead_Migration","1","Low"
"580","LA2_LOB","LA2","SAS","Fry","Depth","critical","LOB","Low","SAS_Fry","1","Low"
"581","LA2_LOB","LA2","SAS","Fry","Velocity","critical","LOB","High","SAS_Fry","3","Low"
"582","LA2_LOB","LA2","Steelhead","Smolts","Depth","critical","LOB","Low","Steelhead_Smolts","1","Low"
"583","LA2_LOB","LA2","Willow","Seedling","Depth","critical","LOB","Low","Willow_Seedling","1","Low"
"584","LA2_LOB","LA2","Willow","Seedling","Shear","critical","LOB","Low","Willow_Seedling","1","Low"
"585","LA2_LOB","LA2","Willow","Germination","Depth","critical","LOB","Low","Willow_Germination","1","Low"
"586","LA2_LOB","LA2","Typha","Adult","Depth","Annual","LOB","Low","Typha_Adult","1","Low"
"587","LA2_LOB","LA2","Typha","Adult","Velocity","Annual","LOB","Partial","Typha_Adult","2","Low"
"588","LA2_LOB","LA2","SAS","Juvenile","Depth","critical","LOB","Partial","SAS_Juvenile","2","Partial"
"589","LA2_MC","LA2","SAS","Adult","Velocity","Annual","MC","Partial","SAS_Adult","2","Partial"
"590","LA2_MC","LA2","SAS","Adult","Depth","Annual","MC","Partial","SAS_Adult","2","Partial"
"591","LA2_MC","LA2","Steelhead","Migration_Prolonged","Depth","critical","MC","High","Steelhead_Migration_Prolonged","3","High"
"592","LA2_MC","LA2","Steelhead","Migration_Prolonged","Velocity","critical","MC","High","Steelhead_Migration_Prolonged","3","High"
"593","LA2_MC","LA2","Steelhead","Migration","Depth","critical","MC","High","Steelhead_Migration","3","High"
"594","LA2_MC","LA2","Steelhead","Migration","Velocity","critical","MC","High","Steelhead_Migration","3","High"
"595","LA2_MC","LA2","Cladophora","Adult","Depth","critical","MC","Partial","Cladophora_Adult","2","Low"
"596","LA2_MC","LA2","Cladophora","Adult","Velocity","critical","MC","Low","Cladophora_Adult","1","Low"
"597","LA2_MC","LA2","Cladophora","Adult","Shear Stress","critical","MC","High","Cladophora_Adult","3","Low"
"598","LA2_MC","LA2","Santa Ana Sucker","Juvenile","Velocity","summer","MC","Partial","Santa Ana Sucker_Juvenile","2","Partial"
"599","LA2_MC","LA2","Typha","Adult","Velocity","Annual","MC","Partial","Typha_Adult","2","Low"
"600","LA2_MC","LA2","Typha","Adult","Depth","Annual","MC","Low","Typha_Adult","1","Low"
"601","LA2_MC","LA2","Typha","Seedling","Depth","critical","MC","Low","Typha_Seedling","1","Low"
"602","LA2_MC","LA2","Steelhead","Smolts","Depth","critical","MC","High","Steelhead_Smolts","3","High"
"603","LA2_MC","LA2","Willow","Seedling","Depth","critical","MC","High","Willow_Seedling","3","Low"
"604","LA2_MC","LA2","Willow","Seedling","Shear","critical","MC","Low","Willow_Seedling","1","Low"
"605","LA2_MC","LA2","SAS","Fry","Depth","critical","MC","Low","SAS_Fry","1","Low"
"606","LA2_MC","LA2","SAS","Fry","Velocity","critical","MC","High","SAS_Fry","3","Low"
"607","LA2_MC","LA2","Willow","Adult","StreamPower","Annual","MC","High","Willow_Adult","3","High"
"608","LA2_MC","LA2","Willow","Germination","Depth","critical","MC","Low","Willow_Germination","1","Low"
"609","LA2_MC","LA2","SAS","Juvenile","Depth","critical","MC","Partial","SAS_Juvenile","2","Partial"
"610","LA2_ROB","LA2","Santa Ana Sucker","Juvenile","Velocity","summer","ROB","Low","Santa Ana Sucker_Juvenile","1","Low"
"611","LA2_ROB","LA2","Steelhead","Migration","Depth","critical","ROB","Low","Steelhead_Migration","1","Low"
"612","LA2_ROB","LA2","Steelhead","Migration","Velocity","critical","ROB","High","Steelhead_Migration","3","Low"
"613","LA2_ROB","LA2","SAS","Adult","Velocity","Annual","ROB","Low","SAS_Adult","1","Low"
"614","LA2_ROB","LA2","SAS","Adult","Depth","Annual","ROB","Partial","SAS_Adult","2","Low"
"615","LA2_ROB","LA2","Typha","Adult","Velocity","Annual","ROB","High","Typha_Adult","3","Low"
"616","LA2_ROB","LA2","Typha","Adult","Depth","Annual","ROB","Low","Typha_Adult","1","Low"
"617","LA2_ROB","LA2","SAS","Fry","Depth","critical","ROB","Low","SAS_Fry","1","Low"
"618","LA2_ROB","LA2","SAS","Fry","Velocity","critical","ROB","Low","SAS_Fry","1","Low"
"619","LA2_ROB","LA2","Typha","Seedling","Depth","critical","ROB","Low","Typha_Seedling","1","Low"
"620","LA2_ROB","LA2","Willow","Adult","StreamPower","Annual","ROB","High","Willow_Adult","3","High"
"621","LA2_ROB","LA2","Willow","Germination","Depth","critical","ROB","Low","Willow_Germination","1","Low"
"622","LA2_ROB","LA2","Cladophora","Adult","Depth","critical","ROB","Low","Cladophora_Adult","1","Low"
"623","LA2_ROB","LA2","Cladophora","Adult","Shear Stress","critical","ROB","High","Cladophora_Adult","3","Low"
"624","LA2_ROB","LA2","Cladophora","Adult","Velocity","critical","ROB","Low","Cladophora_Adult","1","Low"
"625","LA2_ROB","LA2","SAS","Juvenile","Depth","critical","ROB","Partial","SAS_Juvenile","2","Partial"
"626","LA2_ROB","LA2","Willow","Seedling","Shear","critical","ROB","Low","Willow_Seedling","1","Low"
"627","LA2_ROB","LA2","Willow","Seedling","Depth","critical","ROB","Low","Willow_Seedling","1","Low"
"628","LA2_ROB","LA2","Steelhead","Smolts","Depth","critical","ROB","Low","Steelhead_Smolts","1","Low"
"629","LA2_ROB","LA2","Steelhead","Migration_Prolonged","Depth","critical","ROB","Low","Steelhead_Migration_Prolonged","1","Low"
"630","LA2_ROB","LA2","Steelhead","Migration_Prolonged","Velocity","critical","ROB","High","Steelhead_Migration_Prolonged","3","Low"
"631","LA20_LOB","LA20","SAS","Adult","Velocity","Annual","LOB","Low","SAS_Adult","1","Low"
"632","LA20_LOB","LA20","SAS","Adult","Depth","Annual","LOB","Partial","SAS_Adult","2","Low"
"633","LA20_LOB","LA20","Typha","Adult","Depth","Annual","LOB","Low","Typha_Adult","1","Low"
"634","LA20_LOB","LA20","Typha","Adult","Velocity","Annual","LOB","High","Typha_Adult","3","Low"
"635","LA20_LOB","LA20","SAS","Fry","Depth","critical","LOB","Low","SAS_Fry","1","Low"
"636","LA20_LOB","LA20","SAS","Fry","Velocity","critical","LOB","Low","SAS_Fry","1","Low"
"637","LA20_LOB","LA20","Steelhead","Migration","Velocity","critical","LOB","High","Steelhead_Migration","3","Low"
"638","LA20_LOB","LA20","Steelhead","Migration","Depth","critical","LOB","Low","Steelhead_Migration","1","Low"
"639","LA20_LOB","LA20","Willow","Germination","Depth","critical","LOB","Low","Willow_Germination","1","Low"
"640","LA20_LOB","LA20","Steelhead","Migration_Prolonged","Depth","critical","LOB","Low","Steelhead_Migration_Prolonged","1","Low"
"641","LA20_LOB","LA20","Steelhead","Migration_Prolonged","Velocity","critical","LOB","High","Steelhead_Migration_Prolonged","3","Low"
"642","LA20_LOB","LA20","Santa Ana Sucker","Juvenile","Velocity","summer","LOB","Low","Santa Ana Sucker_Juvenile","1","Low"
"643","LA20_LOB","LA20","SAS","Juvenile","Depth","critical","LOB","Partial","SAS_Juvenile","2","Partial"
"644","LA20_LOB","LA20","Willow","Adult","StreamPower","Annual","LOB","High","Willow_Adult","3","High"
"645","LA20_LOB","LA20","Steelhead","Smolts","Depth","critical","LOB","Low","Steelhead_Smolts","1","Low"
"646","LA20_LOB","LA20","Typha","Seedling","Depth","critical","LOB","Low","Typha_Seedling","1","Low"
"647","LA20_LOB","LA20","Cladophora","Adult","Velocity","critical","LOB","Low","Cladophora_Adult","1","Low"
"648","LA20_LOB","LA20","Cladophora","Adult","Shear Stress","critical","LOB","High","Cladophora_Adult","3","Low"
"649","LA20_LOB","LA20","Cladophora","Adult","Depth","critical","LOB","Low","Cladophora_Adult","1","Low"
"650","LA20_LOB","LA20","Willow","Seedling","Depth","critical","LOB","Low","Willow_Seedling","1","Low"
"651","LA20_LOB","LA20","Willow","Seedling","Shear","critical","LOB","Low","Willow_Seedling","1","Low"
"652","LA20_MC","LA20","Typha","Adult","Depth","Annual","MC","Partial","Typha_Adult","2","Partial"
"653","LA20_MC","LA20","Typha","Adult","Velocity","Annual","MC","Partial","Typha_Adult","2","Partial"
"654","LA20_MC","LA20","SAS","Adult","Velocity","Annual","MC","Partial","SAS_Adult","2","Partial"
"655","LA20_MC","LA20","SAS","Adult","Depth","Annual","MC","Partial","SAS_Adult","2","Partial"
"656","LA20_MC","LA20","SAS","Fry","Velocity","critical","MC","Low","SAS_Fry","1","Low"
"657","LA20_MC","LA20","SAS","Fry","Depth","critical","MC","Low","SAS_Fry","1","Low"
"658","LA20_MC","LA20","Santa Ana Sucker","Juvenile","Velocity","summer","MC","Partial","Santa Ana Sucker_Juvenile","2","Partial"
"659","LA20_MC","LA20","Typha","Seedling","Depth","critical","MC","Partial","Typha_Seedling","2","Partial"
"660","LA20_MC","LA20","Steelhead","Migration_Prolonged","Velocity","critical","MC","High","Steelhead_Migration_Prolonged","3","Partial"
"661","LA20_MC","LA20","Steelhead","Migration_Prolonged","Depth","critical","MC","Partial","Steelhead_Migration_Prolonged","2","Partial"
"662","LA20_MC","LA20","Steelhead","Migration","Depth","critical","MC","Partial","Steelhead_Migration","2","Partial"
"663","LA20_MC","LA20","Steelhead","Migration","Velocity","critical","MC","High","Steelhead_Migration","3","Partial"
"664","LA20_MC","LA20","Willow","Germination","Depth","critical","MC","Low","Willow_Germination","1","Low"
"665","LA20_MC","LA20","SAS","Juvenile","Depth","critical","MC","Partial","SAS_Juvenile","2","Partial"
"666","LA20_MC","LA20","Willow","Adult","StreamPower","Annual","MC","High","Willow_Adult","3","High"
"667","LA20_MC","LA20","Willow","Seedling","Shear","critical","MC","High","Willow_Seedling","3","Low"
"668","LA20_MC","LA20","Willow","Seedling","Depth","critical","MC","Low","Willow_Seedling","1","Low"
"669","LA20_MC","LA20","Steelhead","Smolts","Depth","critical","MC","High","Steelhead_Smolts","3","High"
"670","LA20_MC","LA20","Cladophora","Adult","Depth","critical","MC","High","Cladophora_Adult","3","Partial"
"671","LA20_MC","LA20","Cladophora","Adult","Shear Stress","critical","MC","High","Cladophora_Adult","3","Partial"
"672","LA20_MC","LA20","Cladophora","Adult","Velocity","critical","MC","Partial","Cladophora_Adult","2","Partial"
"673","LA20_ROB","LA20","SAS","Fry","Depth","critical","ROB","Low","SAS_Fry","1","Low"
"674","LA20_ROB","LA20","SAS","Fry","Velocity","critical","ROB","Low","SAS_Fry","1","Low"
"675","LA20_ROB","LA20","Typha","Adult","Depth","Annual","ROB","Low","Typha_Adult","1","Low"
"676","LA20_ROB","LA20","Typha","Adult","Velocity","Annual","ROB","High","Typha_Adult","3","Low"
"677","LA20_ROB","LA20","SAS","Juvenile","Depth","critical","ROB","Partial","SAS_Juvenile","2","Partial"
"678","LA20_ROB","LA20","Steelhead","Smolts","Depth","critical","ROB","Low","Steelhead_Smolts","1","Low"
"679","LA20_ROB","LA20","Santa Ana Sucker","Juvenile","Velocity","summer","ROB","Low","Santa Ana Sucker_Juvenile","1","Low"
"680","LA20_ROB","LA20","Willow","Seedling","Shear","critical","ROB","Low","Willow_Seedling","1","Low"
"681","LA20_ROB","LA20","Willow","Seedling","Depth","critical","ROB","Low","Willow_Seedling","1","Low"
"682","LA20_ROB","LA20","SAS","Adult","Velocity","Annual","ROB","Low","SAS_Adult","1","Low"
"683","LA20_ROB","LA20","SAS","Adult","Depth","Annual","ROB","Partial","SAS_Adult","2","Low"
"684","LA20_ROB","LA20","Cladophora","Adult","Velocity","critical","ROB","Low","Cladophora_Adult","1","Low"
"685","LA20_ROB","LA20","Cladophora","Adult","Shear Stress","critical","ROB","High","Cladophora_Adult","3","Low"
"686","LA20_ROB","LA20","Cladophora","Adult","Depth","critical","ROB","Low","Cladophora_Adult","1","Low"
"687","LA20_ROB","LA20","Steelhead","Migration","Depth","critical","ROB","Low","Steelhead_Migration","1","Low"
"688","LA20_ROB","LA20","Steelhead","Migration","Velocity","critical","ROB","High","Steelhead_Migration","3","Low"
"689","LA20_ROB","LA20","Typha","Seedling","Depth","critical","ROB","Low","Typha_Seedling","1","Low"
"690","LA20_ROB","LA20","Steelhead","Migration_Prolonged","Depth","critical","ROB","Low","Steelhead_Migration_Prolonged","1","Low"
"691","LA20_ROB","LA20","Steelhead","Migration_Prolonged","Velocity","critical","ROB","High","Steelhead_Migration_Prolonged","3","Low"
"692","LA20_ROB","LA20","Willow","Adult","StreamPower","Annual","ROB","High","Willow_Adult","3","High"
"693","LA20_ROB","LA20","Willow","Germination","Depth","critical","ROB","Low","Willow_Germination","1","Low"
"694","LA202_LOB","LA202","Steelhead","Smolts","Depth","critical","LOB","Low","Steelhead_Smolts","1","Low"
"695","LA202_LOB","LA202","SAS","Juvenile","Depth","critical","LOB","Partial","SAS_Juvenile","2","Partial"
"696","LA202_LOB","LA202","SAS","Fry","Velocity","critical","LOB","Low","SAS_Fry","1","Low"
"697","LA202_LOB","LA202","SAS","Fry","Depth","critical","LOB","Low","SAS_Fry","1","Low"
"698","LA202_LOB","LA202","Typha","Adult","Velocity","Annual","LOB","High","Typha_Adult","3","Low"
"699","LA202_LOB","LA202","Typha","Adult","Depth","Annual","LOB","Low","Typha_Adult","1","Low"
"700","LA202_LOB","LA202","Willow","Seedling","Shear","critical","LOB","Low","Willow_Seedling","1","Low"
"701","LA202_LOB","LA202","Willow","Seedling","Depth","critical","LOB","Low","Willow_Seedling","1","Low"
"702","LA202_LOB","LA202","Steelhead","Migration","Depth","critical","LOB","Low","Steelhead_Migration","1","Low"
"703","LA202_LOB","LA202","Steelhead","Migration","Velocity","critical","LOB","High","Steelhead_Migration","3","Low"
"704","LA202_LOB","LA202","SAS","Adult","Velocity","Annual","LOB","Low","SAS_Adult","1","Low"
"705","LA202_LOB","LA202","SAS","Adult","Depth","Annual","LOB","Partial","SAS_Adult","2","Low"
"706","LA202_LOB","LA202","Cladophora","Adult","Velocity","critical","LOB","Low","Cladophora_Adult","1","Low"
"707","LA202_LOB","LA202","Cladophora","Adult","Depth","critical","LOB","Low","Cladophora_Adult","1","Low"
"708","LA202_LOB","LA202","Cladophora","Adult","Shear Stress","critical","LOB","High","Cladophora_Adult","3","Low"
"709","LA202_LOB","LA202","Typha","Seedling","Depth","critical","LOB","Low","Typha_Seedling","1","Low"
"710","LA202_LOB","LA202","Steelhead","Migration_Prolonged","Depth","critical","LOB","Low","Steelhead_Migration_Prolonged","1","Low"
"711","LA202_LOB","LA202","Steelhead","Migration_Prolonged","Velocity","critical","LOB","High","Steelhead_Migration_Prolonged","3","Low"
"712","LA202_LOB","LA202","Willow","Germination","Depth","critical","LOB","Low","Willow_Germination","1","Low"
"713","LA202_LOB","LA202","Willow","Adult","StreamPower","Annual","LOB","High","Willow_Adult","3","High"
"714","LA202_LOB","LA202","Santa Ana Sucker","Juvenile","Velocity","summer","LOB","Low","Santa Ana Sucker_Juvenile","1","Low"
"715","LA202_MC","LA202","SAS","Juvenile","Depth","critical","MC","Partial","SAS_Juvenile","2","Partial"
"716","LA202_MC","LA202","Typha","Adult","Depth","Annual","MC","Partial","Typha_Adult","2","Partial"
"717","LA202_MC","LA202","Typha","Adult","Velocity","Annual","MC","Partial","Typha_Adult","2","Partial"
"718","LA202_MC","LA202","Steelhead","Migration_Prolonged","Velocity","critical","MC","High","Steelhead_Migration_Prolonged","3","Low"
"719","LA202_MC","LA202","Steelhead","Migration_Prolonged","Depth","critical","MC","Low","Steelhead_Migration_Prolonged","1","Low"
"720","LA202_MC","LA202","Willow","Seedling","Shear","critical","MC","High","Willow_Seedling","3","High"
"721","LA202_MC","LA202","Willow","Seedling","Depth","critical","MC","High","Willow_Seedling","3","High"
"722","LA202_MC","LA202","SAS","Fry","Depth","critical","MC","Low","SAS_Fry","1","Low"
"723","LA202_MC","LA202","SAS","Fry","Velocity","critical","MC","Low","SAS_Fry","1","Low"
"724","LA202_MC","LA202","Steelhead","Migration","Velocity","critical","MC","High","Steelhead_Migration","3","Low"
"725","LA202_MC","LA202","Steelhead","Migration","Depth","critical","MC","Low","Steelhead_Migration","1","Low"
"726","LA202_MC","LA202","SAS","Adult","Velocity","Annual","MC","Partial","SAS_Adult","2","Partial"
"727","LA202_MC","LA202","SAS","Adult","Depth","Annual","MC","Partial","SAS_Adult","2","Partial"
"728","LA202_MC","LA202","Steelhead","Smolts","Depth","critical","MC","High","Steelhead_Smolts","3","High"
"729","LA202_MC","LA202","Santa Ana Sucker","Juvenile","Velocity","summer","MC","Partial","Santa Ana Sucker_Juvenile","2","Partial"
"730","LA202_MC","LA202","Cladophora","Adult","Velocity","critical","MC","Partial","Cladophora_Adult","2","Partial"
"731","LA202_MC","LA202","Cladophora","Adult","Depth","critical","MC","High","Cladophora_Adult","3","Partial"
"732","LA202_MC","LA202","Cladophora","Adult","Shear Stress","critical","MC","High","Cladophora_Adult","3","Partial"
"733","LA202_MC","LA202","Typha","Seedling","Depth","critical","MC","Partial","Typha_Seedling","2","Partial"
"734","LA202_MC","LA202","Willow","Adult","StreamPower","Annual","MC","High","Willow_Adult","3","High"
"735","LA202_MC","LA202","Willow","Germination","Depth","critical","MC","Low","Willow_Germination","1","Low"
"736","LA202_ROB","LA202","SAS","Juvenile","Depth","critical","ROB","Partial","SAS_Juvenile","2","Partial"
"737","LA202_ROB","LA202","Typha","Adult","Velocity","Annual","ROB","High","Typha_Adult","3","Low"
"738","LA202_ROB","LA202","Typha","Adult","Depth","Annual","ROB","Low","Typha_Adult","1","Low"
"739","LA202_ROB","LA202","SAS","Fry","Velocity","critical","ROB","Low","SAS_Fry","1","Low"
"740","LA202_ROB","LA202","SAS","Fry","Depth","critical","ROB","Low","SAS_Fry","1","Low"
"741","LA202_ROB","LA202","Steelhead","Migration","Velocity","critical","ROB","High","Steelhead_Migration","3","Low"
"742","LA202_ROB","LA202","Steelhead","Migration","Depth","critical","ROB","Low","Steelhead_Migration","1","Low"
"743","LA202_ROB","LA202","Willow","Seedling","Depth","critical","ROB","Low","Willow_Seedling","1","Low"
"744","LA202_ROB","LA202","Willow","Seedling","Shear","critical","ROB","Low","Willow_Seedling","1","Low"
"745","LA202_ROB","LA202","Steelhead","Migration_Prolonged","Velocity","critical","ROB","High","Steelhead_Migration_Prolonged","3","Low"
"746","LA202_ROB","LA202","Steelhead","Migration_Prolonged","Depth","critical","ROB","Low","Steelhead_Migration_Prolonged","1","Low"
"747","LA202_ROB","LA202","SAS","Adult","Velocity","Annual","ROB","Low","SAS_Adult","1","Low"
"748","LA202_ROB","LA202","SAS","Adult","Depth","Annual","ROB","Partial","SAS_Adult","2","Low"
"749","LA202_ROB","LA202","Cladophora","Adult","Shear Stress","critical","ROB","High","Cladophora_Adult","3","Low"
"750","LA202_ROB","LA202","Cladophora","Adult","Velocity","critical","ROB","Low","Cladophora_Adult","1","Low"
"751","LA202_ROB","LA202","Cladophora","Adult","Depth","critical","ROB","Low","Cladophora_Adult","1","Low"
"752","LA202_ROB","LA202","Typha","Seedling","Depth","critical","ROB","Low","Typha_Seedling","1","Low"
"753","LA202_ROB","LA202","Steelhead","Smolts","Depth","critical","ROB","Low","Steelhead_Smolts","1","Low"
"754","LA202_ROB","LA202","Santa Ana Sucker","Juvenile","Velocity","summer","ROB","Low","Santa Ana Sucker_Juvenile","1","Low"
"755","LA202_ROB","LA202","Willow","Germination","Depth","critical","ROB","Low","Willow_Germination","1","Low"
"756","LA202_ROB","LA202","Willow","Adult","StreamPower","Annual","ROB","High","Willow_Adult","3","High"
"757","LA3_LOB","LA3","SAS","Juvenile","Depth","critical","LOB","Partial","SAS_Juvenile","2","Partial"
"758","LA3_LOB","LA3","Willow","Seedling","Depth","critical","LOB","Low","Willow_Seedling","1","Low"
"759","LA3_LOB","LA3","Willow","Seedling","Shear","critical","LOB","Low","Willow_Seedling","1","Low"
"760","LA3_LOB","LA3","Steelhead","Migration","Velocity","critical","LOB","High","Steelhead_Migration","3","Low"
"761","LA3_LOB","LA3","Steelhead","Migration","Depth","critical","LOB","Low","Steelhead_Migration","1","Low"
"762","LA3_LOB","LA3","SAS","Fry","Depth","critical","LOB","High","SAS_Fry","3","Low"
"763","LA3_LOB","LA3","SAS","Fry","Velocity","critical","LOB","Low","SAS_Fry","1","Low"
"764","LA3_LOB","LA3","Steelhead","Migration_Prolonged","Velocity","critical","LOB","High","Steelhead_Migration_Prolonged","3","Low"
"765","LA3_LOB","LA3","Steelhead","Migration_Prolonged","Depth","critical","LOB","Low","Steelhead_Migration_Prolonged","1","Low"
"766","LA3_LOB","LA3","Typha","Adult","Depth","Annual","LOB","Partial","Typha_Adult","2","Partial"
"767","LA3_LOB","LA3","Typha","Adult","Velocity","Annual","LOB","Partial","Typha_Adult","2","Partial"
"768","LA3_LOB","LA3","Steelhead","Smolts","Depth","critical","LOB","Low","Steelhead_Smolts","1","Low"
"769","LA3_LOB","LA3","Santa Ana Sucker","Juvenile","Velocity","summer","LOB","Partial","Santa Ana Sucker_Juvenile","2","Partial"
"770","LA3_LOB","LA3","Cladophora","Adult","Velocity","critical","LOB","Low","Cladophora_Adult","1","Low"
"771","LA3_LOB","LA3","Cladophora","Adult","Shear Stress","critical","LOB","High","Cladophora_Adult","3","Low"
"772","LA3_LOB","LA3","Cladophora","Adult","Depth","critical","LOB","High","Cladophora_Adult","3","Low"
"773","LA3_LOB","LA3","SAS","Adult","Velocity","Annual","LOB","Partial","SAS_Adult","2","Partial"
"774","LA3_LOB","LA3","SAS","Adult","Depth","Annual","LOB","Partial","SAS_Adult","2","Partial"
"775","LA3_LOB","LA3","Typha","Seedling","Depth","critical","LOB","Partial","Typha_Seedling","2","Partial"
"776","LA3_LOB","LA3","Willow","Germination","Depth","critical","LOB","Low","Willow_Germination","1","Low"
"777","LA3_LOB","LA3","Willow","Adult","StreamPower","Annual","LOB","High","Willow_Adult","3","High"
"778","LA3_MC","LA3","Cladophora","Adult","Velocity","critical","MC","Low","Cladophora_Adult","1","Low"
"779","LA3_MC","LA3","Cladophora","Adult","Shear Stress","critical","MC","High","Cladophora_Adult","3","Low"
"780","LA3_MC","LA3","Cladophora","Adult","Depth","critical","MC","High","Cladophora_Adult","3","Low"
"781","LA3_MC","LA3","Willow","Seedling","Shear","critical","MC","High","Willow_Seedling","3","High"
"782","LA3_MC","LA3","Willow","Seedling","Depth","critical","MC","High","Willow_Seedling","3","High"
"783","LA3_MC","LA3","Willow","Adult","StreamPower","Annual","MC","High","Willow_Adult","3","High"
"784","LA3_MC","LA3","SAS","Adult","Depth","Annual","MC","High","SAS_Adult","3","Partial"
"785","LA3_MC","LA3","SAS","Adult","Velocity","Annual","MC","Partial","SAS_Adult","2","Partial"
"786","LA3_MC","LA3","Steelhead","Migration_Prolonged","Velocity","critical","MC","High","Steelhead_Migration_Prolonged","3","High"
"787","LA3_MC","LA3","Steelhead","Migration_Prolonged","Depth","critical","MC","High","Steelhead_Migration_Prolonged","3","High"
"788","LA3_MC","LA3","SAS","Juvenile","Depth","critical","MC","High","SAS_Juvenile","3","High"
"789","LA3_MC","LA3","Steelhead","Migration","Velocity","critical","MC","High","Steelhead_Migration","3","High"
"790","LA3_MC","LA3","Steelhead","Migration","Depth","critical","MC","High","Steelhead_Migration","3","High"
"791","LA3_MC","LA3","SAS","Fry","Depth","critical","MC","Low","SAS_Fry","1","Low"
"792","LA3_MC","LA3","SAS","Fry","Velocity","critical","MC","Low","SAS_Fry","1","Low"
"793","LA3_MC","LA3","Typha","Adult","Depth","Annual","MC","High","Typha_Adult","3","Low"
"794","LA3_MC","LA3","Typha","Adult","Velocity","Annual","MC","Low","Typha_Adult","1","Low"
"795","LA3_MC","LA3","Willow","Germination","Depth","critical","MC","Low","Willow_Germination","1","Low"
"796","LA3_MC","LA3","Steelhead","Smolts","Depth","critical","MC","High","Steelhead_Smolts","3","High"
"797","LA3_MC","LA3","Santa Ana Sucker","Juvenile","Velocity","summer","MC","Partial","Santa Ana Sucker_Juvenile","2","Partial"
"798","LA3_MC","LA3","Typha","Seedling","Depth","critical","MC","Low","Typha_Seedling","1","Low"
"799","LA3_ROB","LA3","Steelhead","Migration","Depth","critical","ROB","Low","Steelhead_Migration","1","Low"
"800","LA3_ROB","LA3","Steelhead","Migration","Velocity","critical","ROB","High","Steelhead_Migration","3","Low"
"801","LA3_ROB","LA3","SAS","Adult","Depth","Annual","ROB","Partial","SAS_Adult","2","Partial"
"802","LA3_ROB","LA3","SAS","Adult","Velocity","Annual","ROB","Partial","SAS_Adult","2","Partial"
"803","LA3_ROB","LA3","SAS","Juvenile","Depth","critical","ROB","Partial","SAS_Juvenile","2","Partial"
"804","LA3_ROB","LA3","Willow","Germination","Depth","critical","ROB","Low","Willow_Germination","1","Low"
"805","LA3_ROB","LA3","Steelhead","Smolts","Depth","critical","ROB","Low","Steelhead_Smolts","1","Low"
"806","LA3_ROB","LA3","Willow","Seedling","Depth","critical","ROB","Low","Willow_Seedling","1","Low"
"807","LA3_ROB","LA3","Willow","Seedling","Shear","critical","ROB","High","Willow_Seedling","3","Low"
"808","LA3_ROB","LA3","Steelhead","Migration_Prolonged","Depth","critical","ROB","Low","Steelhead_Migration_Prolonged","1","Low"
"809","LA3_ROB","LA3","Steelhead","Migration_Prolonged","Velocity","critical","ROB","High","Steelhead_Migration_Prolonged","3","Low"
"810","LA3_ROB","LA3","Willow","Adult","StreamPower","Annual","ROB","High","Willow_Adult","3","High"
"811","LA3_ROB","LA3","SAS","Fry","Velocity","critical","ROB","Low","SAS_Fry","1","Low"
"812","LA3_ROB","LA3","SAS","Fry","Depth","critical","ROB","High","SAS_Fry","3","Low"
"813","LA3_ROB","LA3","Cladophora","Adult","Shear Stress","critical","ROB","High","Cladophora_Adult","3","Low"
"814","LA3_ROB","LA3","Cladophora","Adult","Velocity","critical","ROB","Low","Cladophora_Adult","1","Low"
"815","LA3_ROB","LA3","Cladophora","Adult","Depth","critical","ROB","High","Cladophora_Adult","3","Low"
"816","LA3_ROB","LA3","Typha","Adult","Velocity","Annual","ROB","Partial","Typha_Adult","2","Partial"
"817","LA3_ROB","LA3","Typha","Adult","Depth","Annual","ROB","Partial","Typha_Adult","2","Partial"
"818","LA3_ROB","LA3","Typha","Seedling","Depth","critical","ROB","Partial","Typha_Seedling","2","Partial"
"819","LA3_ROB","LA3","Santa Ana Sucker","Juvenile","Velocity","summer","ROB","Partial","Santa Ana Sucker_Juvenile","2","Partial"
"820","LA8_LOB","LA8","Cladophora","Adult","Velocity","critical","LOB","Partial","Cladophora_Adult","2","Partial"
"821","LA8_LOB","LA8","Cladophora","Adult","Shear Stress","critical","LOB","High","Cladophora_Adult","3","Partial"
"822","LA8_LOB","LA8","Cladophora","Adult","Depth","critical","LOB","High","Cladophora_Adult","3","Partial"
"823","LA8_LOB","LA8","Steelhead","Migration_Prolonged","Velocity","critical","LOB","High","Steelhead_Migration_Prolonged","3","Low"
"824","LA8_LOB","LA8","Steelhead","Migration_Prolonged","Depth","critical","LOB","Low","Steelhead_Migration_Prolonged","1","Low"
"825","LA8_LOB","LA8","Willow","Adult","StreamPower","Annual","LOB","High","Willow_Adult","3","High"
"826","LA8_LOB","LA8","Steelhead","Migration","Depth","critical","LOB","Low","Steelhead_Migration","1","Low"
"827","LA8_LOB","LA8","Steelhead","Migration","Velocity","critical","LOB","High","Steelhead_Migration","3","Low"
"828","LA8_LOB","LA8","Santa Ana Sucker","Juvenile","Velocity","summer","LOB","High","Santa Ana Sucker_Juvenile","3","High"
"829","LA8_LOB","LA8","SAS","Juvenile","Depth","critical","LOB","Partial","SAS_Juvenile","2","Partial"
"830","LA8_LOB","LA8","Willow","Seedling","Shear","critical","LOB","High","Willow_Seedling","3","Low"
"831","LA8_LOB","LA8","Willow","Seedling","Depth","critical","LOB","Low","Willow_Seedling","1","Low"
"832","LA8_LOB","LA8","SAS","Adult","Depth","Annual","LOB","Partial","SAS_Adult","2","Partial"
"833","LA8_LOB","LA8","SAS","Adult","Velocity","Annual","LOB","High","SAS_Adult","3","Partial"
"834","LA8_LOB","LA8","Typha","Adult","Depth","Annual","LOB","Partial","Typha_Adult","2","Partial"
"835","LA8_LOB","LA8","Typha","Adult","Velocity","Annual","LOB","Partial","Typha_Adult","2","Partial"
"836","LA8_LOB","LA8","SAS","Fry","Depth","critical","LOB","Low","SAS_Fry","1","Low"
"837","LA8_LOB","LA8","SAS","Fry","Velocity","critical","LOB","Low","SAS_Fry","1","Low"
"838","LA8_LOB","LA8","Typha","Seedling","Depth","critical","LOB","Partial","Typha_Seedling","2","Partial"
"839","LA8_LOB","LA8","Willow","Germination","Depth","critical","LOB","Low","Willow_Germination","1","Low"
"840","LA8_LOB","LA8","Steelhead","Smolts","Depth","critical","LOB","High","Steelhead_Smolts","3","High"
"841","LA8_MC","LA8","Steelhead","Migration_Prolonged","Depth","critical","MC","High","Steelhead_Migration_Prolonged","3","High"
"842","LA8_MC","LA8","Steelhead","Migration_Prolonged","Velocity","critical","MC","High","Steelhead_Migration_Prolonged","3","High"
"843","LA8_MC","LA8","Willow","Germination","Depth","critical","MC","Low","Willow_Germination","1","Low"
"844","LA8_MC","LA8","SAS","Fry","Velocity","critical","MC","Low","SAS_Fry","1","Low"
"845","LA8_MC","LA8","SAS","Fry","Depth","critical","MC","Low","SAS_Fry","1","Low"
"846","LA8_MC","LA8","Steelhead","Migration","Velocity","critical","MC","High","Steelhead_Migration","3","High"
"847","LA8_MC","LA8","Steelhead","Migration","Depth","critical","MC","High","Steelhead_Migration","3","High"
"848","LA8_MC","LA8","Typha","Adult","Velocity","Annual","MC","Low","Typha_Adult","1","Low"
"849","LA8_MC","LA8","Typha","Adult","Depth","Annual","MC","Partial","Typha_Adult","2","Low"
"850","LA8_MC","LA8","SAS","Adult","Depth","Annual","MC","Partial","SAS_Adult","2","Low"
"851","LA8_MC","LA8","SAS","Adult","Velocity","Annual","MC","Low","SAS_Adult","1","Low"
"852","LA8_MC","LA8","Cladophora","Adult","Depth","critical","MC","High","Cladophora_Adult","3","Low"
"853","LA8_MC","LA8","Cladophora","Adult","Shear Stress","critical","MC","High","Cladophora_Adult","3","Low"
"854","LA8_MC","LA8","Cladophora","Adult","Velocity","critical","MC","Low","Cladophora_Adult","1","Low"
"855","LA8_MC","LA8","Santa Ana Sucker","Juvenile","Velocity","summer","MC","Low","Santa Ana Sucker_Juvenile","1","Low"
"856","LA8_MC","LA8","Willow","Adult","StreamPower","Annual","MC","High","Willow_Adult","3","High"
"857","LA8_MC","LA8","SAS","Juvenile","Depth","critical","MC","High","SAS_Juvenile","3","High"
"858","LA8_MC","LA8","Willow","Seedling","Shear","critical","MC","High","Willow_Seedling","3","High"
"859","LA8_MC","LA8","Willow","Seedling","Depth","critical","MC","High","Willow_Seedling","3","High"
"860","LA8_MC","LA8","Typha","Seedling","Depth","critical","MC","Partial","Typha_Seedling","2","Partial"
"861","LA8_MC","LA8","Steelhead","Smolts","Depth","critical","MC","High","Steelhead_Smolts","3","High"
"862","LA8_ROB","LA8","Cladophora","Adult","Velocity","critical","ROB","Partial","Cladophora_Adult","2","Partial"
"863","LA8_ROB","LA8","Cladophora","Adult","Shear Stress","critical","ROB","High","Cladophora_Adult","3","Partial"
"864","LA8_ROB","LA8","Cladophora","Adult","Depth","critical","ROB","High","Cladophora_Adult","3","Partial"
"865","LA8_ROB","LA8","SAS","Adult","Velocity","Annual","ROB","High","SAS_Adult","3","Partial"
"866","LA8_ROB","LA8","SAS","Adult","Depth","Annual","ROB","Partial","SAS_Adult","2","Partial"
"867","LA8_ROB","LA8","SAS","Fry","Depth","critical","ROB","Low","SAS_Fry","1","Low"
"868","LA8_ROB","LA8","SAS","Fry","Velocity","critical","ROB","Low","SAS_Fry","1","Low"
"869","LA8_ROB","LA8","Santa Ana Sucker","Juvenile","Velocity","summer","ROB","High","Santa Ana Sucker_Juvenile","3","High"
"870","LA8_ROB","LA8","Steelhead","Migration_Prolonged","Velocity","critical","ROB","High","Steelhead_Migration_Prolonged","3","Low"
"871","LA8_ROB","LA8","Steelhead","Migration_Prolonged","Depth","critical","ROB","Low","Steelhead_Migration_Prolonged","1","Low"
"872","LA8_ROB","LA8","SAS","Juvenile","Depth","critical","ROB","Partial","SAS_Juvenile","2","Partial"
"873","LA8_ROB","LA8","Steelhead","Migration","Depth","critical","ROB","Low","Steelhead_Migration","1","Low"
"874","LA8_ROB","LA8","Steelhead","Migration","Velocity","critical","ROB","High","Steelhead_Migration","3","Low"
"875","LA8_ROB","LA8","Steelhead","Smolts","Depth","critical","ROB","High","Steelhead_Smolts","3","High"
"876","LA8_ROB","LA8","Typha","Adult","Depth","Annual","ROB","Partial","Typha_Adult","2","Partial"
"877","LA8_ROB","LA8","Typha","Adult","Velocity","Annual","ROB","Partial","Typha_Adult","2","Partial"
"878","LA8_ROB","LA8","Typha","Seedling","Depth","critical","ROB","Partial","Typha_Seedling","2","Partial"
"879","LA8_ROB","LA8","Willow","Adult","StreamPower","Annual","ROB","High","Willow_Adult","3","High"
"880","LA8_ROB","LA8","Willow","Germination","Depth","critical","ROB","Low","Willow_Germination","1","Low"
"881","LA8_ROB","LA8","Willow","Seedling","Depth","critical","ROB","Low","Willow_Seedling","1","Low"
"882","LA8_ROB","LA8","Willow","Seedling","Shear","critical","ROB","Low","Willow_Seedling","1","Low"
