"","pos_code","Node","Species","Life_Stage","Hydraulic","TimePeriod","position","Overall_Class_Year"
"1","11101250_LOB","11101250","Cladophora","Adult","Depth","critical","LOB","Partial"
"2","11101250_LOB","11101250","SAS","Juvenile","Velocity","summer","LOB","Low"
"3","11101250_LOB","11101250","Cladophora","Adult","Shear Stress","critical","LOB","High"
"4","11101250_LOB","11101250","Willow","Adult","StreamPower","Annual","LOB","High"
"5","11101250_LOB","11101250","Cladophora","Adult","Velocity","critical","LOB","Low"
"6","11101250_LOB","11101250","SAS","Adult","Depth","Annual","LOB","Partial"
"7","11101250_LOB","11101250","Steelhead","Migration_Prolonged","Velocity","critical","LOB","High"
"8","11101250_LOB","11101250","SAS","Juvenile","Depth","critical","LOB","Partial"
"9","11101250_LOB","11101250","Willow","Seedling","Shear","critical","LOB","Low"
"10","11101250_LOB","11101250","SAS","Fry","Depth","critical","LOB","Low"
"11","11101250_LOB","11101250","SAS","Fry","Velocity","critical","LOB","Low"
"12","11101250_LOB","11101250","Typha","Adult","Depth","Annual","LOB","Partial"
"13","11101250_LOB","11101250","SAS","Adult","Velocity","Annual","LOB","Low"
"14","11101250_LOB","11101250","Steelhead","Migration","Depth","critical","LOB","Low"
"15","11101250_LOB","11101250","Typha","Seedling","Depth","critical","LOB","Low"
"16","11101250_LOB","11101250","Steelhead","Migration_Prolonged","Depth","critical","LOB","Low"
"17","11101250_LOB","11101250","Steelhead","Migration","Velocity","critical","LOB","High"
"18","11101250_LOB","11101250","Typha","Adult","Velocity","Annual","LOB","High"
"19","11101250_LOB","11101250","Steelhead","Smolts","Depth","critical","LOB","Low"
"20","11101250_LOB","11101250","Willow","Seedling","Depth","critical","LOB","Low"
"21","11101250_LOB","11101250","Willow","Germination","Depth","critical","LOB","Low"
"22","11101250_MC","11101250","Cladophora","Adult","Shear Stress","critical","MC","High"
"23","11101250_MC","11101250","SAS","Adult","Velocity","Annual","MC","Low"
"24","11101250_MC","11101250","Steelhead","Smolts","Depth","critical","MC","High"
"25","11101250_MC","11101250","SAS","Fry","Velocity","critical","MC","Partial"
"26","11101250_MC","11101250","SAS","Juvenile","Depth","critical","MC","Partial"
"27","11101250_MC","11101250","Steelhead","Migration","Depth","critical","MC","High"
"28","11101250_MC","11101250","Cladophora","Adult","Depth","critical","MC","Partial"
"29","11101250_MC","11101250","Typha","Seedling","Depth","critical","MC","Low"
"30","11101250_MC","11101250","Steelhead","Migration_Prolonged","Depth","critical","MC","Partial"
"31","11101250_MC","11101250","Typha","Adult","Velocity","Annual","MC","High"
"32","11101250_MC","11101250","Willow","Germination","Depth","critical","MC","Low"
"33","11101250_MC","11101250","SAS","Adult","Depth","Annual","MC","Partial"
"34","11101250_MC","11101250","Willow","Seedling","Depth","critical","MC","High"
"35","11101250_MC","11101250","Steelhead","Migration","Velocity","critical","MC","High"
"36","11101250_MC","11101250","Willow","Seedling","Shear","critical","MC","Low"
"37","11101250_MC","11101250","Willow","Adult","StreamPower","Annual","MC","High"
"38","11101250_MC","11101250","SAS","Fry","Depth","critical","MC","Low"
"39","11101250_MC","11101250","SAS","Juvenile","Velocity","summer","MC","Low"
"40","11101250_MC","11101250","Typha","Adult","Depth","Annual","MC","Partial"
"41","11101250_MC","11101250","Cladophora","Adult","Velocity","critical","MC","Low"
"42","11101250_MC","11101250","Steelhead","Migration_Prolonged","Velocity","critical","MC","High"
"43","11101250_ROB","11101250","Willow","Seedling","Shear","critical","ROB","Low"
"44","11101250_ROB","11101250","SAS","Fry","Depth","critical","ROB","Low"
"45","11101250_ROB","11101250","Typha","Adult","Depth","Annual","ROB","Partial"
"46","11101250_ROB","11101250","SAS","Adult","Velocity","Annual","ROB","Low"
"47","11101250_ROB","11101250","Cladophora","Adult","Velocity","critical","ROB","Low"
"48","11101250_ROB","11101250","SAS","Juvenile","Velocity","summer","ROB","Low"
"49","11101250_ROB","11101250","Steelhead","Migration_Prolonged","Velocity","critical","ROB","High"
"50","11101250_ROB","11101250","SAS","Juvenile","Depth","critical","ROB","Partial"
"51","11101250_ROB","11101250","Typha","Adult","Velocity","Annual","ROB","High"
"52","11101250_ROB","11101250","Steelhead","Smolts","Depth","critical","ROB","Low"
"53","11101250_ROB","11101250","SAS","Fry","Velocity","critical","ROB","Low"
"54","11101250_ROB","11101250","Cladophora","Adult","Shear Stress","critical","ROB","High"
"55","11101250_ROB","11101250","Willow","Adult","StreamPower","Annual","ROB","High"
"56","11101250_ROB","11101250","Cladophora","Adult","Depth","critical","ROB","Partial"
"57","11101250_ROB","11101250","Typha","Seedling","Depth","critical","ROB","Low"
"58","11101250_ROB","11101250","Willow","Seedling","Depth","critical","ROB","Low"
"59","11101250_ROB","11101250","Steelhead","Migration","Velocity","critical","ROB","High"
"60","11101250_ROB","11101250","Steelhead","Migration","Depth","critical","ROB","Low"
"61","11101250_ROB","11101250","SAS","Adult","Depth","Annual","ROB","Partial"
"62","11101250_ROB","11101250","Steelhead","Migration_Prolonged","Depth","critical","ROB","Low"
"63","11101250_ROB","11101250","Willow","Germination","Depth","critical","ROB","Low"
"64","F300_LOB","F300","SAS","Fry","Velocity","critical","LOB","Low"
"65","F300_LOB","F300","Steelhead","Migration","Velocity","critical","LOB","High"
"66","F300_LOB","F300","Cladophora","Adult","Depth","critical","LOB","Low"
"67","F300_LOB","F300","Willow","Seedling","Shear","critical","LOB","Low"
"68","F300_LOB","F300","Steelhead","Migration_Prolonged","Depth","critical","LOB","Low"
"69","F300_LOB","F300","SAS","Juvenile","Depth","critical","LOB","Partial"
"70","F300_LOB","F300","Willow","Germination","Depth","critical","LOB","Low"
"71","F300_LOB","F300","SAS","Fry","Depth","critical","LOB","Low"
"72","F300_LOB","F300","Willow","Seedling","Depth","critical","LOB","Low"
"73","F300_LOB","F300","Typha","Adult","Velocity","Annual","LOB","High"
"74","F300_LOB","F300","Typha","Adult","Depth","Annual","LOB","Partial"
"75","F300_LOB","F300","SAS","Adult","Depth","Annual","LOB","Partial"
"76","F300_LOB","F300","Steelhead","Smolts","Depth","critical","LOB","Low"
"77","F300_LOB","F300","Steelhead","Migration_Prolonged","Velocity","critical","LOB","High"
"78","F300_LOB","F300","Cladophora","Adult","Shear Stress","critical","LOB","High"
"79","F300_LOB","F300","SAS","Adult","Velocity","Annual","LOB","Low"
"80","F300_LOB","F300","Cladophora","Adult","Velocity","critical","LOB","Low"
"81","F300_LOB","F300","SAS","Juvenile","Velocity","summer","LOB","Low"
"82","F300_LOB","F300","Typha","Seedling","Depth","critical","LOB","Low"
"83","F300_LOB","F300","Willow","Adult","StreamPower","Annual","LOB","High"
"84","F300_LOB","F300","Steelhead","Migration","Depth","critical","LOB","Low"
"85","F300_MC","F300","SAS","Fry","Depth","critical","MC","Low"
"86","F300_MC","F300","SAS","Juvenile","Depth","critical","MC","Partial"
"87","F300_MC","F300","Steelhead","Migration","Velocity","critical","MC","High"
"88","F300_MC","F300","SAS","Adult","Velocity","Annual","MC","Partial"
"89","F300_MC","F300","Steelhead","Smolts","Depth","critical","MC","High"
"90","F300_MC","F300","Willow","Seedling","Shear","critical","MC","High"
"91","F300_MC","F300","Steelhead","Migration_Prolonged","Velocity","critical","MC","High"
"92","F300_MC","F300","Typha","Adult","Depth","Annual","MC","Partial"
"93","F300_MC","F300","Cladophora","Adult","Velocity","critical","MC","High"
"94","F300_MC","F300","Willow","Seedling","Depth","critical","MC","High"
"95","F300_MC","F300","SAS","Fry","Velocity","critical","MC","Low"
"96","F300_MC","F300","Cladophora","Adult","Shear Stress","critical","MC","High"
"97","F300_MC","F300","Typha","Adult","Velocity","Annual","MC","Partial"
"98","F300_MC","F300","Steelhead","Migration","Depth","critical","MC","High"
"99","F300_MC","F300","SAS","Juvenile","Velocity","summer","MC","Partial"
"100","F300_MC","F300","Typha","Seedling","Depth","critical","MC","Low"
"101","F300_MC","F300","Steelhead","Migration_Prolonged","Depth","critical","MC","High"
"102","F300_MC","F300","Willow","Adult","StreamPower","Annual","MC","High"
"103","F300_MC","F300","SAS","Adult","Depth","Annual","MC","Partial"
"104","F300_MC","F300","Cladophora","Adult","Depth","critical","MC","Partial"
"105","F300_MC","F300","Willow","Germination","Depth","critical","MC","Low"
"106","F300_ROB","F300","Willow","Seedling","Shear","critical","ROB","Low"
"107","F300_ROB","F300","SAS","Adult","Depth","Annual","ROB","Partial"
"108","F300_ROB","F300","Steelhead","Migration_Prolonged","Velocity","critical","ROB","High"
"109","F300_ROB","F300","Willow","Seedling","Depth","critical","ROB","Low"
"110","F300_ROB","F300","Cladophora","Adult","Velocity","critical","ROB","Low"
"111","F300_ROB","F300","SAS","Fry","Depth","critical","ROB","Low"
"112","F300_ROB","F300","SAS","Juvenile","Depth","critical","ROB","Partial"
"113","F300_ROB","F300","Willow","Adult","StreamPower","Annual","ROB","High"
"114","F300_ROB","F300","Steelhead","Migration","Depth","critical","ROB","Low"
"115","F300_ROB","F300","Steelhead","Smolts","Depth","critical","ROB","Low"
"116","F300_ROB","F300","Willow","Germination","Depth","critical","ROB","Low"
"117","F300_ROB","F300","Steelhead","Migration","Velocity","critical","ROB","High"
"118","F300_ROB","F300","SAS","Adult","Velocity","Annual","ROB","Low"
"119","F300_ROB","F300","Cladophora","Adult","Depth","critical","ROB","Low"
"120","F300_ROB","F300","SAS","Fry","Velocity","critical","ROB","Low"
"121","F300_ROB","F300","Typha","Adult","Depth","Annual","ROB","Partial"
"122","F300_ROB","F300","Steelhead","Migration_Prolonged","Depth","critical","ROB","Low"
"123","F300_ROB","F300","Typha","Adult","Velocity","Annual","ROB","High"
"124","F300_ROB","F300","SAS","Juvenile","Velocity","summer","ROB","Low"
"125","F300_ROB","F300","Cladophora","Adult","Shear Stress","critical","ROB","High"
"126","F300_ROB","F300","Typha","Seedling","Depth","critical","ROB","Low"
"127","F319_MC","F319","Willow","Seedling","Shear","critical","MC","High"
"128","F319_MC","F319","SAS","Adult","Depth","Annual","MC","High"
"129","F319_MC","F319","Cladophora","Adult","Velocity","critical","MC","Partial"
"130","F319_MC","F319","Steelhead","Migration","Velocity","critical","MC","High"
"131","F319_MC","F319","Steelhead","Migration","Depth","critical","MC","High"
"132","F319_MC","F319","SAS","Adult","Velocity","Annual","MC","Partial"
"133","F319_MC","F319","SAS","Juvenile","Depth","critical","MC","High"
"134","F319_MC","F319","Willow","Germination","Depth","critical","MC","Low"
"135","F319_MC","F319","Willow","Seedling","Depth","critical","MC","High"
"136","F319_MC","F319","Willow","Adult","StreamPower","Annual","MC","High"
"137","F319_MC","F319","Steelhead","Smolts","Depth","critical","MC","High"
"138","F319_MC","F319","SAS","Fry","Velocity","critical","MC","Low"
"139","F319_MC","F319","Steelhead","Migration_Prolonged","Velocity","critical","MC","High"
"140","F319_MC","F319","Steelhead","Migration_Prolonged","Depth","critical","MC","High"
"141","F319_MC","F319","Typha","Adult","Velocity","Annual","MC","Partial"
"142","F319_MC","F319","Cladophora","Adult","Depth","critical","MC","High"
"143","F319_MC","F319","Cladophora","Adult","Shear Stress","critical","MC","High"
"144","F319_MC","F319","SAS","Juvenile","Velocity","summer","MC","Partial"
"145","F319_MC","F319","Typha","Adult","Depth","Annual","MC","High"
"146","F319_MC","F319","SAS","Fry","Depth","critical","MC","Low"
"147","F319_MC","F319","Typha","Seedling","Depth","critical","MC","Low"
"148","F34D_MC","F34D","Willow","Seedling","Depth","critical","MC","High"
"149","F34D_MC","F34D","Steelhead","Migration_Prolonged","Velocity","critical","MC","High"
"150","F34D_MC","F34D","Willow","Seedling","Shear","critical","MC","Low"
"151","F34D_MC","F34D","Cladophora","Adult","Velocity","critical","MC","Partial"
"152","F34D_MC","F34D","SAS","Adult","Depth","Annual","MC","High"
"153","F34D_MC","F34D","Willow","Adult","StreamPower","Annual","MC","High"
"154","F34D_MC","F34D","SAS","Juvenile","Depth","critical","MC","High"
"155","F34D_MC","F34D","Steelhead","Migration","Depth","critical","MC","High"
"156","F34D_MC","F34D","SAS","Fry","Depth","critical","MC","Low"
"157","F34D_MC","F34D","Willow","Germination","Depth","critical","MC","Low"
"158","F34D_MC","F34D","Cladophora","Adult","Shear Stress","critical","MC","High"
"159","F34D_MC","F34D","Steelhead","Migration","Velocity","critical","MC","High"
"160","F34D_MC","F34D","SAS","Adult","Velocity","Annual","MC","Partial"
"161","F34D_MC","F34D","Steelhead","Smolts","Depth","critical","MC","High"
"162","F34D_MC","F34D","SAS","Juvenile","Velocity","summer","MC","High"
"163","F34D_MC","F34D","Typha","Adult","Depth","Annual","MC","High"
"164","F34D_MC","F34D","Typha","Adult","Velocity","Annual","MC","Partial"
"165","F34D_MC","F34D","Cladophora","Adult","Depth","critical","MC","High"
"166","F34D_MC","F34D","Steelhead","Migration_Prolonged","Depth","critical","MC","High"
"167","F34D_MC","F34D","SAS","Fry","Velocity","critical","MC","Low"
"168","F34D_MC","F34D","Typha","Seedling","Depth","critical","MC","Low"
"169","F37BHigh_MC","F37BHigh","Cladophora","Adult","Shear Stress","critical","MC","High"
"170","F37BHigh_MC","F37BHigh","Steelhead","Migration","Velocity","critical","MC","Partial"
"171","F37BHigh_MC","F37BHigh","SAS","Adult","Depth","Annual","MC","Partial"
"172","F37BHigh_MC","F37BHigh","Willow","Seedling","Depth","critical","MC","Low"
"173","F37BHigh_MC","F37BHigh","Steelhead","Migration_Prolonged","Depth","critical","MC","Low"
"174","F37BHigh_MC","F37BHigh","Willow","Seedling","Shear","critical","MC","Low"
"175","F37BHigh_MC","F37BHigh","Cladophora","Adult","Velocity","critical","MC","Low"
"176","F37BHigh_MC","F37BHigh","SAS","Fry","Velocity","critical","MC","Low"
"177","F37BHigh_MC","F37BHigh","Steelhead","Migration_Prolonged","Velocity","critical","MC","Partial"
"178","F37BHigh_MC","F37BHigh","SAS","Juvenile","Depth","critical","MC","Partial"
"179","F37BHigh_MC","F37BHigh","Willow","Adult","StreamPower","Annual","MC","High"
"180","F37BHigh_MC","F37BHigh","Willow","Germination","Depth","critical","MC","Low"
"181","F37BHigh_MC","F37BHigh","SAS","Juvenile","Velocity","summer","MC","Low"
"182","F37BHigh_MC","F37BHigh","Steelhead","Smolts","Depth","critical","MC","Low"
"183","F37BHigh_MC","F37BHigh","Steelhead","Migration","Depth","critical","MC","Low"
"184","F37BHigh_MC","F37BHigh","Cladophora","Adult","Depth","critical","MC","Partial"
"185","F37BHigh_MC","F37BHigh","SAS","Fry","Depth","critical","MC","Low"
"186","F37BHigh_MC","F37BHigh","Typha","Adult","Velocity","Annual","MC","Partial"
"187","F37BHigh_MC","F37BHigh","Typha","Adult","Depth","Annual","MC","Partial"
"188","F37BHigh_MC","F37BHigh","Typha","Seedling","Depth","critical","MC","Low"
"189","F37BHigh_MC","F37BHigh","SAS","Adult","Velocity","Annual","MC","Low"
"190","F37BLow_LOB","F37BLow","Cladophora","Adult","Shear Stress","critical","LOB","High"
"191","F37BLow_LOB","F37BLow","Willow","Adult","StreamPower","Annual","LOB","High"
"192","F37BLow_LOB","F37BLow","Steelhead","Migration_Prolonged","Depth","critical","LOB","Low"
"193","F37BLow_LOB","F37BLow","Cladophora","Adult","Velocity","critical","LOB","Low"
"194","F37BLow_LOB","F37BLow","SAS","Adult","Depth","Annual","LOB","Partial"
"195","F37BLow_LOB","F37BLow","Steelhead","Migration_Prolonged","Velocity","critical","LOB","Partial"
"196","F37BLow_LOB","F37BLow","Willow","Seedling","Shear","critical","LOB","Partial"
"197","F37BLow_LOB","F37BLow","Willow","Seedling","Depth","critical","LOB","Low"
"198","F37BLow_LOB","F37BLow","SAS","Fry","Depth","critical","LOB","Low"
"199","F37BLow_LOB","F37BLow","SAS","Juvenile","Velocity","summer","LOB","Low"
"200","F37BLow_LOB","F37BLow","SAS","Juvenile","Depth","critical","LOB","Partial"
"201","F37BLow_LOB","F37BLow","Steelhead","Migration","Depth","critical","LOB","Low"
"202","F37BLow_LOB","F37BLow","Willow","Germination","Depth","critical","LOB","Low"
"203","F37BLow_LOB","F37BLow","Steelhead","Smolts","Depth","critical","LOB","Low"
"204","F37BLow_LOB","F37BLow","Cladophora","Adult","Depth","critical","LOB","Low"
"205","F37BLow_LOB","F37BLow","Steelhead","Migration","Velocity","critical","LOB","Partial"
"206","F37BLow_LOB","F37BLow","SAS","Adult","Velocity","Annual","LOB","Partial"
"207","F37BLow_LOB","F37BLow","Typha","Seedling","Depth","critical","LOB","Low"
"208","F37BLow_LOB","F37BLow","SAS","Fry","Velocity","critical","LOB","Partial"
"209","F37BLow_LOB","F37BLow","Typha","Adult","Depth","Annual","LOB","Partial"
"210","F37BLow_LOB","F37BLow","Typha","Adult","Velocity","Annual","LOB","Low"
"211","F37BLow_MC","F37BLow","Willow","Adult","StreamPower","Annual","MC","High"
"212","F37BLow_MC","F37BLow","Willow","Germination","Depth","critical","MC","Low"
"213","F37BLow_MC","F37BLow","Willow","Seedling","Depth","critical","MC","Low"
"214","F37BLow_MC","F37BLow","SAS","Juvenile","Velocity","summer","MC","Partial"
"215","F37BLow_MC","F37BLow","Willow","Seedling","Shear","critical","MC","Partial"
"216","F37BLow_MC","F37BLow","Cladophora","Adult","Shear Stress","critical","MC","High"
"217","F37BLow_MC","F37BLow","SAS","Adult","Velocity","Annual","MC","Partial"
"218","F37BLow_MC","F37BLow","Cladophora","Adult","Depth","critical","MC","Low"
"219","F37BLow_MC","F37BLow","SAS","Adult","Depth","Annual","MC","Partial"
"220","F37BLow_MC","F37BLow","Steelhead","Migration_Prolonged","Velocity","critical","MC","Partial"
"221","F37BLow_MC","F37BLow","Typha","Seedling","Depth","critical","MC","Low"
"222","F37BLow_MC","F37BLow","Cladophora","Adult","Velocity","critical","MC","Partial"
"223","F37BLow_MC","F37BLow","Steelhead","Migration","Depth","critical","MC","Low"
"224","F37BLow_MC","F37BLow","SAS","Fry","Depth","critical","MC","Low"
"225","F37BLow_MC","F37BLow","Steelhead","Migration_Prolonged","Depth","critical","MC","Low"
"226","F37BLow_MC","F37BLow","SAS","Juvenile","Depth","critical","MC","Partial"
"227","F37BLow_MC","F37BLow","Steelhead","Migration","Velocity","critical","MC","Partial"
"228","F37BLow_MC","F37BLow","Typha","Adult","Velocity","Annual","MC","Low"
"229","F37BLow_MC","F37BLow","Typha","Adult","Depth","Annual","MC","Partial"
"230","F37BLow_MC","F37BLow","Steelhead","Smolts","Depth","critical","MC","Low"
"231","F37BLow_MC","F37BLow","SAS","Fry","Velocity","critical","MC","Partial"
"232","F37BLow_ROB","F37BLow","Willow","Seedling","Shear","critical","ROB","Partial"
"233","F37BLow_ROB","F37BLow","Willow","Seedling","Depth","critical","ROB","Low"
"234","F37BLow_ROB","F37BLow","Cladophora","Adult","Depth","critical","ROB","High"
"235","F37BLow_ROB","F37BLow","Willow","Adult","StreamPower","Annual","ROB","High"
"236","F37BLow_ROB","F37BLow","Steelhead","Migration","Depth","critical","ROB","Low"
"237","F37BLow_ROB","F37BLow","Cladophora","Adult","Shear Stress","critical","ROB","High"
"238","F37BLow_ROB","F37BLow","Willow","Germination","Depth","critical","ROB","Low"
"239","F37BLow_ROB","F37BLow","SAS","Juvenile","Depth","critical","ROB","Partial"
"240","F37BLow_ROB","F37BLow","SAS","Adult","Velocity","Annual","ROB","Partial"
"241","F37BLow_ROB","F37BLow","SAS","Adult","Depth","Annual","ROB","Partial"
"242","F37BLow_ROB","F37BLow","Steelhead","Migration_Prolonged","Depth","critical","ROB","Low"
"243","F37BLow_ROB","F37BLow","Typha","Seedling","Depth","critical","ROB","Partial"
"244","F37BLow_ROB","F37BLow","Steelhead","Migration","Velocity","critical","ROB","Partial"
"245","F37BLow_ROB","F37BLow","Steelhead","Migration_Prolonged","Velocity","critical","ROB","Partial"
"246","F37BLow_ROB","F37BLow","Cladophora","Adult","Velocity","critical","ROB","Low"
"247","F37BLow_ROB","F37BLow","SAS","Juvenile","Velocity","summer","ROB","Low"
"248","F37BLow_ROB","F37BLow","Typha","Adult","Depth","Annual","ROB","Partial"
"249","F37BLow_ROB","F37BLow","SAS","Fry","Depth","critical","ROB","Low"
"250","F37BLow_ROB","F37BLow","Typha","Adult","Velocity","Annual","ROB","High"
"251","F37BLow_ROB","F37BLow","SAS","Fry","Velocity","critical","ROB","Low"
"252","F37BLow_ROB","F37BLow","Steelhead","Smolts","Depth","critical","ROB","Partial"
"253","F45B_MC","F45B","Willow","Germination","Depth","critical","MC","Low"
"254","F45B_MC","F45B","Willow","Adult","StreamPower","Annual","MC","High"
"255","F45B_MC","F45B","Steelhead","Migration_Prolonged","Depth","critical","MC","Low"
"256","F45B_MC","F45B","Willow","Seedling","Depth","critical","MC","Low"
"257","F45B_MC","F45B","Cladophora","Adult","Shear Stress","critical","MC","High"
"258","F45B_MC","F45B","Steelhead","Migration_Prolonged","Velocity","critical","MC","Low"
"259","F45B_MC","F45B","SAS","Adult","Velocity","Annual","MC","Partial"
"260","F45B_MC","F45B","Cladophora","Adult","Depth","critical","MC","Low"
"261","F45B_MC","F45B","Typha","Seedling","Depth","critical","MC","Low"
"262","F45B_MC","F45B","Typha","Adult","Depth","Annual","MC","Partial"
"263","F45B_MC","F45B","Willow","Seedling","Shear","critical","MC","Low"
"264","F45B_MC","F45B","Cladophora","Adult","Velocity","critical","MC","Low"
"265","F45B_MC","F45B","SAS","Juvenile","Velocity","summer","MC","Low"
"266","F45B_MC","F45B","SAS","Adult","Depth","Annual","MC","Partial"
"267","F45B_MC","F45B","SAS","Fry","Velocity","critical","MC","Partial"
"268","F45B_MC","F45B","SAS","Juvenile","Depth","critical","MC","Partial"
"269","F45B_MC","F45B","Typha","Adult","Velocity","Annual","MC","Low"
"270","F45B_MC","F45B","SAS","Fry","Depth","critical","MC","Low"
"271","F45B_MC","F45B","Steelhead","Smolts","Depth","critical","MC","Low"
"272","F45B_MC","F45B","Steelhead","Migration","Depth","critical","MC","Low"
"273","F45B_MC","F45B","Steelhead","Migration","Velocity","critical","MC","Low"
"274","F57C_LOB","F57C","Steelhead","Migration_Prolonged","Depth","critical","LOB","High"
"275","F57C_LOB","F57C","Typha","Seedling","Depth","critical","LOB","Low"
"276","F57C_LOB","F57C","Typha","Adult","Depth","Annual","LOB","High"
"277","F57C_LOB","F57C","SAS","Fry","Velocity","critical","LOB","Low"
"278","F57C_LOB","F57C","Cladophora","Adult","Depth","critical","LOB","High"
"279","F57C_LOB","F57C","Willow","Seedling","Depth","critical","LOB","High"
"280","F57C_LOB","F57C","Cladophora","Adult","Velocity","critical","LOB","High"
"281","F57C_LOB","F57C","Willow","Germination","Depth","critical","LOB","Low"
"282","F57C_LOB","F57C","Willow","Adult","StreamPower","Annual","LOB","High"
"283","F57C_LOB","F57C","SAS","Adult","Depth","Annual","LOB","High"
"284","F57C_LOB","F57C","Typha","Adult","Velocity","Annual","LOB","Low"
"285","F57C_LOB","F57C","SAS","Juvenile","Velocity","summer","LOB","High"
"286","F57C_LOB","F57C","Cladophora","Adult","Shear Stress","critical","LOB","High"
"287","F57C_LOB","F57C","SAS","Adult","Velocity","Annual","LOB","Partial"
"288","F57C_LOB","F57C","SAS","Juvenile","Depth","critical","LOB","High"
"289","F57C_LOB","F57C","SAS","Fry","Depth","critical","LOB","Low"
"290","F57C_LOB","F57C","Steelhead","Migration","Velocity","critical","LOB","High"
"291","F57C_LOB","F57C","Willow","Seedling","Shear","critical","LOB","High"
"292","F57C_LOB","F57C","Steelhead","Migration","Depth","critical","LOB","High"
"293","F57C_LOB","F57C","Steelhead","Migration_Prolonged","Velocity","critical","LOB","High"
"294","F57C_LOB","F57C","Steelhead","Smolts","Depth","critical","LOB","High"
"295","F57C_MC","F57C","Typha","Seedling","Depth","critical","MC","Partial"
"296","F57C_MC","F57C","SAS","Fry","Depth","critical","MC","Low"
"297","F57C_MC","F57C","Willow","Germination","Depth","critical","MC","Low"
"298","F57C_MC","F57C","Cladophora","Adult","Depth","critical","MC","High"
"299","F57C_MC","F57C","SAS","Fry","Velocity","critical","MC","Low"
"300","F57C_MC","F57C","Willow","Adult","StreamPower","Annual","MC","High"
"301","F57C_MC","F57C","Typha","Adult","Depth","Annual","MC","Partial"
"302","F57C_MC","F57C","Cladophora","Adult","Velocity","critical","MC","Low"
"303","F57C_MC","F57C","Willow","Seedling","Depth","critical","MC","High"
"304","F57C_MC","F57C","Cladophora","Adult","Shear Stress","critical","MC","High"
"305","F57C_MC","F57C","SAS","Adult","Velocity","Annual","MC","Partial"
"306","F57C_MC","F57C","Typha","Adult","Velocity","Annual","MC","Partial"
"307","F57C_MC","F57C","Steelhead","Migration","Depth","critical","MC","High"
"308","F57C_MC","F57C","SAS","Juvenile","Velocity","summer","MC","Partial"
"309","F57C_MC","F57C","Steelhead","Migration_Prolonged","Depth","critical","MC","Low"
"310","F57C_MC","F57C","Willow","Seedling","Shear","critical","MC","High"
"311","F57C_MC","F57C","Steelhead","Smolts","Depth","critical","MC","High"
"312","F57C_MC","F57C","SAS","Adult","Depth","Annual","MC","Partial"
"313","F57C_MC","F57C","Steelhead","Migration_Prolonged","Velocity","critical","MC","High"
"314","F57C_MC","F57C","SAS","Juvenile","Depth","critical","MC","Partial"
"315","F57C_MC","F57C","Steelhead","Migration","Velocity","critical","MC","High"
"316","F57C_ROB","F57C","Typha","Adult","Depth","Annual","ROB","Partial"
"317","F57C_ROB","F57C","Typha","Seedling","Depth","critical","ROB","Low"
"318","F57C_ROB","F57C","SAS","Fry","Depth","critical","ROB","Low"
"319","F57C_ROB","F57C","Typha","Adult","Velocity","Annual","ROB","High"
"320","F57C_ROB","F57C","Steelhead","Smolts","Depth","critical","ROB","Low"
"321","F57C_ROB","F57C","SAS","Juvenile","Depth","critical","ROB","Partial"
"322","F57C_ROB","F57C","SAS","Adult","Velocity","Annual","ROB","Low"
"323","F57C_ROB","F57C","Willow","Germination","Depth","critical","ROB","Low"
"324","F57C_ROB","F57C","Willow","Adult","StreamPower","Annual","ROB","High"
"325","F57C_ROB","F57C","Willow","Seedling","Shear","critical","ROB","High"
"326","F57C_ROB","F57C","Cladophora","Adult","Shear Stress","critical","ROB","High"
"327","F57C_ROB","F57C","Willow","Seedling","Depth","critical","ROB","Low"
"328","F57C_ROB","F57C","SAS","Juvenile","Velocity","summer","ROB","Low"
"329","F57C_ROB","F57C","Steelhead","Migration_Prolonged","Velocity","critical","ROB","High"
"330","F57C_ROB","F57C","Steelhead","Migration_Prolonged","Depth","critical","ROB","Low"
"331","F57C_ROB","F57C","Steelhead","Migration","Velocity","critical","ROB","High"
"332","F57C_ROB","F57C","SAS","Fry","Velocity","critical","ROB","Low"
"333","F57C_ROB","F57C","Cladophora","Adult","Depth","critical","ROB","Low"
"334","F57C_ROB","F57C","SAS","Adult","Depth","Annual","ROB","Partial"
"335","F57C_ROB","F57C","Cladophora","Adult","Velocity","critical","ROB","Low"
"336","F57C_ROB","F57C","Steelhead","Migration","Depth","critical","ROB","Low"
"337","GLEN_LOB","GLEN","Typha","Adult","Depth","Annual","LOB","Partial"
"338","GLEN_LOB","GLEN","Willow","Seedling","Shear","critical","LOB","High"
"339","GLEN_LOB","GLEN","Typha","Seedling","Depth","critical","LOB","Low"
"340","GLEN_LOB","GLEN","Typha","Adult","Velocity","Annual","LOB","Partial"
"341","GLEN_LOB","GLEN","SAS","Juvenile","Depth","critical","LOB","High"
"342","GLEN_LOB","GLEN","SAS","Fry","Velocity","critical","LOB","Low"
"343","GLEN_LOB","GLEN","Willow","Germination","Depth","critical","LOB","Low"
"344","GLEN_LOB","GLEN","Steelhead","Migration_Prolonged","Depth","critical","LOB","High"
"345","GLEN_LOB","GLEN","Willow","Adult","StreamPower","Annual","LOB","High"
"346","GLEN_LOB","GLEN","Steelhead","Migration","Velocity","critical","LOB","High"
"347","GLEN_LOB","GLEN","Cladophora","Adult","Shear Stress","critical","LOB","High"
"348","GLEN_LOB","GLEN","Steelhead","Migration_Prolonged","Velocity","critical","LOB","High"
"349","GLEN_LOB","GLEN","Willow","Seedling","Depth","critical","LOB","High"
"350","GLEN_LOB","GLEN","Cladophora","Adult","Depth","critical","LOB","High"
"351","GLEN_LOB","GLEN","Steelhead","Smolts","Depth","critical","LOB","High"
"352","GLEN_LOB","GLEN","Cladophora","Adult","Velocity","critical","LOB","Low"
"353","GLEN_LOB","GLEN","SAS","Adult","Velocity","Annual","LOB","Partial"
"354","GLEN_LOB","GLEN","Steelhead","Migration","Depth","critical","LOB","High"
"355","GLEN_LOB","GLEN","SAS","Fry","Depth","critical","LOB","Low"
"356","GLEN_LOB","GLEN","SAS","Juvenile","Velocity","summer","LOB","Partial"
"357","GLEN_LOB","GLEN","SAS","Adult","Depth","Annual","LOB","Partial"
"358","GLEN_MC","GLEN","Typha","Adult","Depth","Annual","MC","Partial"
"359","GLEN_MC","GLEN","Typha","Adult","Velocity","Annual","MC","Low"
"360","GLEN_MC","GLEN","Steelhead","Smolts","Depth","critical","MC","Low"
"361","GLEN_MC","GLEN","Steelhead","Migration_Prolonged","Velocity","critical","MC","High"
"362","GLEN_MC","GLEN","SAS","Fry","Velocity","critical","MC","Low"
"363","GLEN_MC","GLEN","SAS","Juvenile","Depth","critical","MC","Partial"
"364","GLEN_MC","GLEN","Typha","Seedling","Depth","critical","MC","Low"
"365","GLEN_MC","GLEN","SAS","Fry","Depth","critical","MC","Low"
"366","GLEN_MC","GLEN","Willow","Seedling","Depth","critical","MC","Low"
"367","GLEN_MC","GLEN","Willow","Adult","StreamPower","Annual","MC","High"
"368","GLEN_MC","GLEN","Willow","Germination","Depth","critical","MC","Low"
"369","GLEN_MC","GLEN","Steelhead","Migration","Velocity","critical","MC","High"
"370","GLEN_MC","GLEN","SAS","Adult","Depth","Annual","MC","Partial"
"371","GLEN_MC","GLEN","Cladophora","Adult","Shear Stress","critical","MC","High"
"372","GLEN_MC","GLEN","Steelhead","Migration_Prolonged","Depth","critical","MC","Low"
"373","GLEN_MC","GLEN","SAS","Adult","Velocity","Annual","MC","Partial"
"374","GLEN_MC","GLEN","Cladophora","Adult","Depth","critical","MC","Low"
"375","GLEN_MC","GLEN","SAS","Juvenile","Velocity","summer","MC","Partial"
"376","GLEN_MC","GLEN","Willow","Seedling","Shear","critical","MC","High"
"377","GLEN_MC","GLEN","Cladophora","Adult","Velocity","critical","MC","Low"
"378","GLEN_MC","GLEN","Steelhead","Migration","Depth","critical","MC","Low"
"379","GLEN_ROB","GLEN","Typha","Adult","Velocity","Annual","ROB","Partial"
"380","GLEN_ROB","GLEN","SAS","Fry","Velocity","critical","ROB","Low"
"381","GLEN_ROB","GLEN","Steelhead","Smolts","Depth","critical","ROB","Partial"
"382","GLEN_ROB","GLEN","Steelhead","Migration_Prolonged","Velocity","critical","ROB","High"
"383","GLEN_ROB","GLEN","SAS","Adult","Depth","Annual","ROB","Partial"
"384","GLEN_ROB","GLEN","Cladophora","Adult","Velocity","critical","ROB","Low"
"385","GLEN_ROB","GLEN","Typha","Adult","Depth","Annual","ROB","Partial"
"386","GLEN_ROB","GLEN","SAS","Juvenile","Depth","critical","ROB","Partial"
"387","GLEN_ROB","GLEN","Typha","Seedling","Depth","critical","ROB","Partial"
"388","GLEN_ROB","GLEN","Cladophora","Adult","Depth","critical","ROB","High"
"389","GLEN_ROB","GLEN","SAS","Fry","Depth","critical","ROB","Low"
"390","GLEN_ROB","GLEN","Steelhead","Migration_Prolonged","Depth","critical","ROB","Low"
"391","GLEN_ROB","GLEN","Willow","Seedling","Shear","critical","ROB","High"
"392","GLEN_ROB","GLEN","Steelhead","Migration","Velocity","critical","ROB","High"
"393","GLEN_ROB","GLEN","Willow","Seedling","Depth","critical","ROB","Low"
"394","GLEN_ROB","GLEN","Willow","Germination","Depth","critical","ROB","Low"
"395","GLEN_ROB","GLEN","Willow","Adult","StreamPower","Annual","ROB","High"
"396","GLEN_ROB","GLEN","SAS","Adult","Velocity","Annual","ROB","Partial"
"397","GLEN_ROB","GLEN","SAS","Juvenile","Velocity","summer","ROB","Partial"
"398","GLEN_ROB","GLEN","Cladophora","Adult","Shear Stress","critical","ROB","High"
"399","GLEN_ROB","GLEN","Steelhead","Migration","Depth","critical","ROB","Low"
"400","LA1_MC","LA1","SAS","Adult","Depth","Annual","MC","Partial"
"401","LA1_MC","LA1","Typha","Seedling","Depth","critical","MC","Low"
"402","LA1_MC","LA1","Cladophora","Adult","Velocity","critical","MC","Low"
"403","LA1_MC","LA1","Typha","Adult","Depth","Annual","MC","High"
"404","LA1_MC","LA1","Steelhead","Smolts","Depth","critical","MC","High"
"405","LA1_MC","LA1","Steelhead","Migration_Prolonged","Velocity","critical","MC","High"
"406","LA1_MC","LA1","Willow","Germination","Depth","critical","MC","Low"
"407","LA1_MC","LA1","SAS","Fry","Depth","critical","MC","Low"
"408","LA1_MC","LA1","Typha","Adult","Velocity","Annual","MC","Partial"
"409","LA1_MC","LA1","Willow","Seedling","Shear","critical","MC","High"
"410","LA1_MC","LA1","Steelhead","Migration","Velocity","critical","MC","High"
"411","LA1_MC","LA1","SAS","Adult","Velocity","Annual","MC","Partial"
"412","LA1_MC","LA1","Cladophora","Adult","Depth","critical","MC","High"
"413","LA1_MC","LA1","SAS","Juvenile","Depth","critical","MC","High"
"414","LA1_MC","LA1","Willow","Adult","StreamPower","Annual","MC","High"
"415","LA1_MC","LA1","Steelhead","Migration","Depth","critical","MC","High"
"416","LA1_MC","LA1","SAS","Fry","Velocity","critical","MC","Low"
"417","LA1_MC","LA1","Cladophora","Adult","Shear Stress","critical","MC","High"
"418","LA1_MC","LA1","Steelhead","Migration_Prolonged","Depth","critical","MC","High"
"419","LA1_MC","LA1","Willow","Seedling","Depth","critical","MC","High"
"420","LA1_MC","LA1","SAS","Juvenile","Velocity","summer","MC","Partial"
"421","LA11_LOB","LA11","Steelhead","Smolts","Depth","critical","LOB","Low"
"422","LA11_LOB","LA11","Steelhead","Migration_Prolonged","Velocity","critical","LOB","High"
"423","LA11_LOB","LA11","Willow","Seedling","Shear","critical","LOB","Low"
"424","LA11_LOB","LA11","Steelhead","Migration","Depth","critical","LOB","Low"
"425","LA11_LOB","LA11","Cladophora","Adult","Shear Stress","critical","LOB","High"
"426","LA11_LOB","LA11","Typha","Adult","Velocity","Annual","LOB","High"
"427","LA11_LOB","LA11","Steelhead","Migration","Velocity","critical","LOB","High"
"428","LA11_LOB","LA11","SAS","Adult","Depth","Annual","LOB","Partial"
"429","LA11_LOB","LA11","Willow","Germination","Depth","critical","LOB","Low"
"430","LA11_LOB","LA11","Cladophora","Adult","Velocity","critical","LOB","Low"
"431","LA11_LOB","LA11","Typha","Adult","Depth","Annual","LOB","Partial"
"432","LA11_LOB","LA11","SAS","Fry","Depth","critical","LOB","Low"
"433","LA11_LOB","LA11","SAS","Juvenile","Velocity","summer","LOB","Low"
"434","LA11_LOB","LA11","SAS","Juvenile","Depth","critical","LOB","Partial"
"435","LA11_LOB","LA11","Typha","Seedling","Depth","critical","LOB","Low"
"436","LA11_LOB","LA11","Willow","Seedling","Depth","critical","LOB","Low"
"437","LA11_LOB","LA11","Steelhead","Migration_Prolonged","Depth","critical","LOB","Low"
"438","LA11_LOB","LA11","Willow","Adult","StreamPower","Annual","LOB","High"
"439","LA11_LOB","LA11","SAS","Fry","Velocity","critical","LOB","Low"
"440","LA11_LOB","LA11","SAS","Adult","Velocity","Annual","LOB","Low"
"441","LA11_LOB","LA11","Cladophora","Adult","Depth","critical","LOB","Low"
"442","LA11_MC","LA11","Willow","Seedling","Shear","critical","MC","High"
"443","LA11_MC","LA11","Steelhead","Smolts","Depth","critical","MC","High"
"444","LA11_MC","LA11","Typha","Adult","Depth","Annual","MC","Partial"
"445","LA11_MC","LA11","SAS","Adult","Depth","Annual","MC","Partial"
"446","LA11_MC","LA11","Steelhead","Migration_Prolonged","Velocity","critical","MC","High"
"447","LA11_MC","LA11","Cladophora","Adult","Shear Stress","critical","MC","Low"
"448","LA11_MC","LA11","SAS","Juvenile","Depth","critical","MC","Partial"
"449","LA11_MC","LA11","Typha","Seedling","Depth","critical","MC","Partial"
"450","LA11_MC","LA11","Steelhead","Migration","Velocity","critical","MC","High"
"451","LA11_MC","LA11","Typha","Adult","Velocity","Annual","MC","Partial"
"452","LA11_MC","LA11","SAS","Fry","Velocity","critical","MC","Low"
"453","LA11_MC","LA11","Willow","Germination","Depth","critical","MC","Low"
"454","LA11_MC","LA11","Cladophora","Adult","Velocity","critical","MC","Partial"
"455","LA11_MC","LA11","Willow","Adult","StreamPower","Annual","MC","High"
"456","LA11_MC","LA11","SAS","Juvenile","Velocity","summer","MC","High"
"457","LA11_MC","LA11","SAS","Fry","Depth","critical","MC","Low"
"458","LA11_MC","LA11","Willow","Seedling","Depth","critical","MC","High"
"459","LA11_MC","LA11","Steelhead","Migration","Depth","critical","MC","High"
"460","LA11_MC","LA11","Cladophora","Adult","Depth","critical","MC","High"
"461","LA11_MC","LA11","Steelhead","Migration_Prolonged","Depth","critical","MC","High"
"462","LA11_MC","LA11","SAS","Adult","Velocity","Annual","MC","High"
"463","LA11_ROB","LA11","Steelhead","Migration","Velocity","critical","ROB","High"
"464","LA11_ROB","LA11","Cladophora","Adult","Shear Stress","critical","ROB","High"
"465","LA11_ROB","LA11","Steelhead","Migration_Prolonged","Velocity","critical","ROB","High"
"466","LA11_ROB","LA11","Willow","Seedling","Depth","critical","ROB","Low"
"467","LA11_ROB","LA11","Typha","Adult","Depth","Annual","ROB","Partial"
"468","LA11_ROB","LA11","Steelhead","Migration","Depth","critical","ROB","Low"
"469","LA11_ROB","LA11","SAS","Adult","Depth","Annual","ROB","Partial"
"470","LA11_ROB","LA11","Typha","Seedling","Depth","critical","ROB","Low"
"471","LA11_ROB","LA11","Willow","Seedling","Shear","critical","ROB","Low"
"472","LA11_ROB","LA11","Steelhead","Smolts","Depth","critical","ROB","Low"
"473","LA11_ROB","LA11","SAS","Juvenile","Velocity","summer","ROB","Low"
"474","LA11_ROB","LA11","Cladophora","Adult","Depth","critical","ROB","Low"
"475","LA11_ROB","LA11","SAS","Fry","Depth","critical","ROB","Low"
"476","LA11_ROB","LA11","Typha","Adult","Velocity","Annual","ROB","High"
"477","LA11_ROB","LA11","Cladophora","Adult","Velocity","critical","ROB","Low"
"478","LA11_ROB","LA11","Steelhead","Migration_Prolonged","Depth","critical","ROB","Low"
"479","LA11_ROB","LA11","SAS","Adult","Velocity","Annual","ROB","Low"
"480","LA11_ROB","LA11","SAS","Fry","Velocity","critical","ROB","Low"
"481","LA11_ROB","LA11","Willow","Germination","Depth","critical","ROB","Low"
"482","LA11_ROB","LA11","SAS","Juvenile","Depth","critical","ROB","Partial"
"483","LA11_ROB","LA11","Willow","Adult","StreamPower","Annual","ROB","High"
"484","LA13_MC","LA13","Steelhead","Migration","Depth","critical","MC","Low"
"485","LA13_MC","LA13","Willow","Seedling","Depth","critical","MC","Low"
"486","LA13_MC","LA13","Steelhead","Migration","Velocity","critical","MC","High"
"487","LA13_MC","LA13","Steelhead","Smolts","Depth","critical","MC","Low"
"488","LA13_MC","LA13","SAS","Adult","Depth","Annual","MC","Partial"
"489","LA13_MC","LA13","Cladophora","Adult","Velocity","critical","MC","Partial"
"490","LA13_MC","LA13","Cladophora","Adult","Shear Stress","critical","MC","High"
"491","LA13_MC","LA13","SAS","Juvenile","Velocity","summer","MC","Partial"
"492","LA13_MC","LA13","Cladophora","Adult","Depth","critical","MC","High"
"493","LA13_MC","LA13","Steelhead","Migration_Prolonged","Velocity","critical","MC","High"
"494","LA13_MC","LA13","Typha","Adult","Velocity","Annual","MC","Partial"
"495","LA13_MC","LA13","Willow","Seedling","Shear","critical","MC","High"
"496","LA13_MC","LA13","SAS","Juvenile","Depth","critical","MC","Partial"
"497","LA13_MC","LA13","Typha","Seedling","Depth","critical","MC","Partial"
"498","LA13_MC","LA13","SAS","Fry","Velocity","critical","MC","Low"
"499","LA13_MC","LA13","Willow","Germination","Depth","critical","MC","Low"
"500","LA13_MC","LA13","Willow","Adult","StreamPower","Annual","MC","High"
"501","LA13_MC","LA13","Steelhead","Migration_Prolonged","Depth","critical","MC","Low"
"502","LA13_MC","LA13","SAS","Adult","Velocity","Annual","MC","Partial"
"503","LA13_MC","LA13","Typha","Adult","Depth","Annual","MC","Partial"
"504","LA13_MC","LA13","SAS","Fry","Depth","critical","MC","High"
"505","LA14_LOB","LA14","Steelhead","Migration","Depth","critical","LOB","Low"
"506","LA14_LOB","LA14","Willow","Germination","Depth","critical","LOB","Low"
"507","LA14_LOB","LA14","Cladophora","Adult","Depth","critical","LOB","High"
"508","LA14_LOB","LA14","Steelhead","Migration","Velocity","critical","LOB","High"
"509","LA14_LOB","LA14","Willow","Seedling","Shear","critical","LOB","High"
"510","LA14_LOB","LA14","Steelhead","Smolts","Depth","critical","LOB","Low"
"511","LA14_LOB","LA14","Steelhead","Migration_Prolonged","Velocity","critical","LOB","High"
"512","LA14_LOB","LA14","Willow","Seedling","Depth","critical","LOB","Low"
"513","LA14_LOB","LA14","Willow","Adult","StreamPower","Annual","LOB","High"
"514","LA14_LOB","LA14","SAS","Juvenile","Velocity","summer","LOB","High"
"515","LA14_LOB","LA14","Cladophora","Adult","Velocity","critical","LOB","High"
"516","LA14_LOB","LA14","SAS","Adult","Depth","Annual","LOB","Partial"
"517","LA14_LOB","LA14","Cladophora","Adult","Shear Stress","critical","LOB","Low"
"518","LA14_LOB","LA14","Typha","Adult","Velocity","Annual","LOB","Partial"
"519","LA14_LOB","LA14","SAS","Juvenile","Depth","critical","LOB","Partial"
"520","LA14_LOB","LA14","Typha","Seedling","Depth","critical","LOB","Partial"
"521","LA14_LOB","LA14","Typha","Adult","Depth","Annual","LOB","Partial"
"522","LA14_LOB","LA14","Steelhead","Migration_Prolonged","Depth","critical","LOB","Low"
"523","LA14_LOB","LA14","SAS","Adult","Velocity","Annual","LOB","High"
"524","LA14_LOB","LA14","SAS","Fry","Depth","critical","LOB","Partial"
"525","LA14_LOB","LA14","SAS","Fry","Velocity","critical","LOB","Low"
"526","LA14_MC","LA14","Willow","Adult","StreamPower","Annual","MC","High"
"527","LA14_MC","LA14","Steelhead","Migration","Velocity","critical","MC","High"
"528","LA14_MC","LA14","Typha","Adult","Velocity","Annual","MC","Partial"
"529","LA14_MC","LA14","Steelhead","Migration","Depth","critical","MC","Low"
"530","LA14_MC","LA14","Steelhead","Smolts","Depth","critical","MC","Low"
"531","LA14_MC","LA14","Willow","Germination","Depth","critical","MC","Low"
"532","LA14_MC","LA14","SAS","Adult","Velocity","Annual","MC","High"
"533","LA14_MC","LA14","Willow","Seedling","Shear","critical","MC","High"
"534","LA14_MC","LA14","Cladophora","Adult","Shear Stress","critical","MC","High"
"535","LA14_MC","LA14","Steelhead","Migration_Prolonged","Depth","critical","MC","Low"
"536","LA14_MC","LA14","Willow","Seedling","Depth","critical","MC","Low"
"537","LA14_MC","LA14","SAS","Juvenile","Velocity","summer","MC","High"
"538","LA14_MC","LA14","SAS","Adult","Depth","Annual","MC","Partial"
"539","LA14_MC","LA14","Steelhead","Migration_Prolonged","Velocity","critical","MC","High"
"540","LA14_MC","LA14","Cladophora","Adult","Velocity","critical","MC","Low"
"541","LA14_MC","LA14","Typha","Adult","Depth","Annual","MC","Partial"
"542","LA14_MC","LA14","Typha","Seedling","Depth","critical","MC","Low"
"543","LA14_MC","LA14","SAS","Fry","Depth","critical","MC","Low"
"544","LA14_MC","LA14","SAS","Juvenile","Depth","critical","MC","Partial"
"545","LA14_MC","LA14","Cladophora","Adult","Depth","critical","MC","Low"
"546","LA14_MC","LA14","SAS","Fry","Velocity","critical","MC","Low"
"547","LA14_ROB","LA14","Steelhead","Migration","Depth","critical","ROB","High"
"548","LA14_ROB","LA14","Willow","Germination","Depth","critical","ROB","Low"
"549","LA14_ROB","LA14","Willow","Adult","StreamPower","Annual","ROB","High"
"550","LA14_ROB","LA14","Willow","Seedling","Shear","critical","ROB","High"
"551","LA14_ROB","LA14","Typha","Adult","Depth","Annual","ROB","Partial"
"552","LA14_ROB","LA14","SAS","Juvenile","Velocity","summer","ROB","High"
"553","LA14_ROB","LA14","Steelhead","Migration_Prolonged","Velocity","critical","ROB","High"
"554","LA14_ROB","LA14","Steelhead","Migration_Prolonged","Depth","critical","ROB","High"
"555","LA14_ROB","LA14","Steelhead","Migration","Velocity","critical","ROB","High"
"556","LA14_ROB","LA14","Cladophora","Adult","Shear Stress","critical","ROB","Low"
"557","LA14_ROB","LA14","Willow","Seedling","Depth","critical","ROB","High"
"558","LA14_ROB","LA14","Cladophora","Adult","Depth","critical","ROB","High"
"559","LA14_ROB","LA14","SAS","Adult","Depth","Annual","ROB","Partial"
"560","LA14_ROB","LA14","Cladophora","Adult","Velocity","critical","ROB","Partial"
"561","LA14_ROB","LA14","Steelhead","Smolts","Depth","critical","ROB","High"
"562","LA14_ROB","LA14","Typha","Seedling","Depth","critical","ROB","Partial"
"563","LA14_ROB","LA14","SAS","Adult","Velocity","Annual","ROB","High"
"564","LA14_ROB","LA14","SAS","Fry","Depth","critical","ROB","Low"
"565","LA14_ROB","LA14","Typha","Adult","Velocity","Annual","ROB","Partial"
"566","LA14_ROB","LA14","SAS","Juvenile","Depth","critical","ROB","Partial"
"567","LA14_ROB","LA14","SAS","Fry","Velocity","critical","ROB","Low"
"568","LA2_LOB","LA2","SAS","Juvenile","Velocity","summer","LOB","Partial"
"569","LA2_LOB","LA2","Typha","Seedling","Depth","critical","LOB","Low"
"570","LA2_LOB","LA2","Steelhead","Migration_Prolonged","Depth","critical","LOB","Low"
"571","LA2_LOB","LA2","Willow","Adult","StreamPower","Annual","LOB","High"
"572","LA2_LOB","LA2","SAS","Adult","Velocity","Annual","LOB","Partial"
"573","LA2_LOB","LA2","Cladophora","Adult","Depth","critical","LOB","Low"
"574","LA2_LOB","LA2","Steelhead","Migration_Prolonged","Velocity","critical","LOB","High"
"575","LA2_LOB","LA2","Steelhead","Migration","Velocity","critical","LOB","High"
"576","LA2_LOB","LA2","Steelhead","Migration","Depth","critical","LOB","Low"
"577","LA2_LOB","LA2","SAS","Fry","Depth","critical","LOB","Low"
"578","LA2_LOB","LA2","Steelhead","Smolts","Depth","critical","LOB","Low"
"579","LA2_LOB","LA2","Willow","Seedling","Depth","critical","LOB","Low"
"580","LA2_LOB","LA2","Cladophora","Adult","Shear Stress","critical","LOB","High"
"581","LA2_LOB","LA2","Willow","Germination","Depth","critical","LOB","Low"
"582","LA2_LOB","LA2","SAS","Fry","Velocity","critical","LOB","High"
"583","LA2_LOB","LA2","SAS","Adult","Depth","Annual","LOB","Partial"
"584","LA2_LOB","LA2","Typha","Adult","Depth","Annual","LOB","Partial"
"585","LA2_LOB","LA2","Willow","Seedling","Shear","critical","LOB","Low"
"586","LA2_LOB","LA2","Cladophora","Adult","Velocity","critical","LOB","Low"
"587","LA2_LOB","LA2","Typha","Adult","Velocity","Annual","LOB","Partial"
"588","LA2_LOB","LA2","SAS","Juvenile","Depth","critical","LOB","Partial"
"589","LA2_MC","LA2","SAS","Adult","Velocity","Annual","MC","Partial"
"590","LA2_MC","LA2","Steelhead","Migration_Prolonged","Depth","critical","MC","High"
"591","LA2_MC","LA2","Steelhead","Migration","Depth","critical","MC","High"
"592","LA2_MC","LA2","Cladophora","Adult","Depth","critical","MC","Partial"
"593","LA2_MC","LA2","SAS","Juvenile","Velocity","summer","MC","Partial"
"594","LA2_MC","LA2","Typha","Adult","Velocity","Annual","MC","Partial"
"595","LA2_MC","LA2","Typha","Seedling","Depth","critical","MC","Low"
"596","LA2_MC","LA2","Steelhead","Smolts","Depth","critical","MC","High"
"597","LA2_MC","LA2","Willow","Seedling","Depth","critical","MC","High"
"598","LA2_MC","LA2","Steelhead","Migration","Velocity","critical","MC","High"
"599","LA2_MC","LA2","SAS","Fry","Depth","critical","MC","Low"
"600","LA2_MC","LA2","Willow","Adult","StreamPower","Annual","MC","High"
"601","LA2_MC","LA2","SAS","Adult","Depth","Annual","MC","Partial"
"602","LA2_MC","LA2","Cladophora","Adult","Velocity","critical","MC","Low"
"603","LA2_MC","LA2","Willow","Germination","Depth","critical","MC","Low"
"604","LA2_MC","LA2","Cladophora","Adult","Shear Stress","critical","MC","High"
"605","LA2_MC","LA2","Willow","Seedling","Shear","critical","MC","Low"
"606","LA2_MC","LA2","Typha","Adult","Depth","Annual","MC","Low"
"607","LA2_MC","LA2","SAS","Fry","Velocity","critical","MC","Partial"
"608","LA2_MC","LA2","SAS","Juvenile","Depth","critical","MC","Partial"
"609","LA2_MC","LA2","Steelhead","Migration_Prolonged","Velocity","critical","MC","High"
"610","LA2_ROB","LA2","SAS","Juvenile","Velocity","summer","ROB","Low"
"611","LA2_ROB","LA2","Steelhead","Migration","Depth","critical","ROB","Low"
"612","LA2_ROB","LA2","SAS","Adult","Velocity","Annual","ROB","Low"
"613","LA2_ROB","LA2","Typha","Adult","Velocity","Annual","ROB","High"
"614","LA2_ROB","LA2","SAS","Fry","Depth","critical","ROB","Low"
"615","LA2_ROB","LA2","Typha","Seedling","Depth","critical","ROB","Low"
"616","LA2_ROB","LA2","Typha","Adult","Depth","Annual","ROB","Partial"
"617","LA2_ROB","LA2","Willow","Adult","StreamPower","Annual","ROB","High"
"618","LA2_ROB","LA2","Steelhead","Migration","Velocity","critical","ROB","High"
"619","LA2_ROB","LA2","Willow","Germination","Depth","critical","ROB","Low"
"620","LA2_ROB","LA2","Cladophora","Adult","Depth","critical","ROB","Low"
"621","LA2_ROB","LA2","SAS","Fry","Velocity","critical","ROB","Low"
"622","LA2_ROB","LA2","SAS","Juvenile","Depth","critical","ROB","Partial"
"623","LA2_ROB","LA2","Willow","Seedling","Shear","critical","ROB","Low"
"624","LA2_ROB","LA2","Steelhead","Smolts","Depth","critical","ROB","Low"
"625","LA2_ROB","LA2","Steelhead","Migration_Prolonged","Depth","critical","ROB","Low"
"626","LA2_ROB","LA2","Willow","Seedling","Depth","critical","ROB","Low"
"627","LA2_ROB","LA2","Cladophora","Adult","Shear Stress","critical","ROB","High"
"628","LA2_ROB","LA2","Steelhead","Migration_Prolonged","Velocity","critical","ROB","High"
"629","LA2_ROB","LA2","SAS","Adult","Depth","Annual","ROB","Partial"
"630","LA2_ROB","LA2","Cladophora","Adult","Velocity","critical","ROB","Low"
"631","LA20_LOB","LA20","SAS","Adult","Velocity","Annual","LOB","Low"
"632","LA20_LOB","LA20","Typha","Adult","Depth","Annual","LOB","Partial"
"633","LA20_LOB","LA20","SAS","Fry","Depth","critical","LOB","Low"
"634","LA20_LOB","LA20","Typha","Adult","Velocity","Annual","LOB","Partial"
"635","LA20_LOB","LA20","SAS","Fry","Velocity","critical","LOB","Low"
"636","LA20_LOB","LA20","Steelhead","Migration","Velocity","critical","LOB","Partial"
"637","LA20_LOB","LA20","Willow","Germination","Depth","critical","LOB","Low"
"638","LA20_LOB","LA20","Steelhead","Migration_Prolonged","Depth","critical","LOB","Low"
"639","LA20_LOB","LA20","SAS","Juvenile","Velocity","summer","LOB","Low"
"640","LA20_LOB","LA20","SAS","Juvenile","Depth","critical","LOB","Partial"
"641","LA20_LOB","LA20","Steelhead","Migration_Prolonged","Velocity","critical","LOB","Partial"
"642","LA20_LOB","LA20","Willow","Adult","StreamPower","Annual","LOB","High"
"643","LA20_LOB","LA20","Steelhead","Smolts","Depth","critical","LOB","Low"
"644","LA20_LOB","LA20","Typha","Seedling","Depth","critical","LOB","Low"
"645","LA20_LOB","LA20","Cladophora","Adult","Velocity","critical","LOB","Low"
"646","LA20_LOB","LA20","Willow","Seedling","Depth","critical","LOB","Low"
"647","LA20_LOB","LA20","Steelhead","Migration","Depth","critical","LOB","Low"
"648","LA20_LOB","LA20","SAS","Adult","Depth","Annual","LOB","Partial"
"649","LA20_LOB","LA20","Willow","Seedling","Shear","critical","LOB","Low"
"650","LA20_LOB","LA20","Cladophora","Adult","Shear Stress","critical","LOB","High"
"651","LA20_LOB","LA20","Cladophora","Adult","Depth","critical","LOB","Low"
"652","LA20_MC","LA20","Typha","Adult","Depth","Annual","MC","Partial"
"653","LA20_MC","LA20","SAS","Adult","Velocity","Annual","MC","Partial"
"654","LA20_MC","LA20","SAS","Fry","Velocity","critical","MC","Low"
"655","LA20_MC","LA20","SAS","Fry","Depth","critical","MC","Low"
"656","LA20_MC","LA20","SAS","Juvenile","Velocity","summer","MC","Partial"
"657","LA20_MC","LA20","Typha","Seedling","Depth","critical","MC","Partial"
"658","LA20_MC","LA20","Steelhead","Migration_Prolonged","Velocity","critical","MC","Partial"
"659","LA20_MC","LA20","Typha","Adult","Velocity","Annual","MC","Partial"
"660","LA20_MC","LA20","Steelhead","Migration","Depth","critical","MC","Partial"
"661","LA20_MC","LA20","Willow","Germination","Depth","critical","MC","Low"
"662","LA20_MC","LA20","SAS","Juvenile","Depth","critical","MC","Partial"
"663","LA20_MC","LA20","Steelhead","Migration_Prolonged","Depth","critical","MC","Partial"
"664","LA20_MC","LA20","Willow","Adult","StreamPower","Annual","MC","High"
"665","LA20_MC","LA20","Willow","Seedling","Shear","critical","MC","Low"
"666","LA20_MC","LA20","Steelhead","Smolts","Depth","critical","MC","Partial"
"667","LA20_MC","LA20","Willow","Seedling","Depth","critical","MC","Low"
"668","LA20_MC","LA20","Cladophora","Adult","Depth","critical","MC","Partial"
"669","LA20_MC","LA20","Steelhead","Migration","Velocity","critical","MC","Partial"
"670","LA20_MC","LA20","Cladophora","Adult","Shear Stress","critical","MC","High"
"671","LA20_MC","LA20","Cladophora","Adult","Velocity","critical","MC","Partial"
"672","LA20_MC","LA20","SAS","Adult","Depth","Annual","MC","Partial"
"673","LA20_ROB","LA20","SAS","Fry","Depth","critical","ROB","Low"
"674","LA20_ROB","LA20","SAS","Fry","Velocity","critical","ROB","Low"
"675","LA20_ROB","LA20","Typha","Adult","Depth","Annual","ROB","Partial"
"676","LA20_ROB","LA20","SAS","Juvenile","Depth","critical","ROB","Partial"
"677","LA20_ROB","LA20","Steelhead","Smolts","Depth","critical","ROB","Low"
"678","LA20_ROB","LA20","SAS","Juvenile","Velocity","summer","ROB","Low"
"679","LA20_ROB","LA20","Willow","Seedling","Shear","critical","ROB","Low"
"680","LA20_ROB","LA20","SAS","Adult","Velocity","Annual","ROB","Low"
"681","LA20_ROB","LA20","Cladophora","Adult","Velocity","critical","ROB","Low"
"682","LA20_ROB","LA20","Steelhead","Migration","Depth","critical","ROB","Low"
"683","LA20_ROB","LA20","Typha","Seedling","Depth","critical","ROB","Low"
"684","LA20_ROB","LA20","Steelhead","Migration","Velocity","critical","ROB","Partial"
"685","LA20_ROB","LA20","Typha","Adult","Velocity","Annual","ROB","Partial"
"686","LA20_ROB","LA20","Cladophora","Adult","Shear Stress","critical","ROB","High"
"687","LA20_ROB","LA20","Cladophora","Adult","Depth","critical","ROB","Low"
"688","LA20_ROB","LA20","Steelhead","Migration_Prolonged","Depth","critical","ROB","Low"
"689","LA20_ROB","LA20","Willow","Adult","StreamPower","Annual","ROB","High"
"690","LA20_ROB","LA20","Willow","Germination","Depth","critical","ROB","Low"
"691","LA20_ROB","LA20","Steelhead","Migration_Prolonged","Velocity","critical","ROB","Partial"
"692","LA20_ROB","LA20","SAS","Adult","Depth","Annual","ROB","Partial"
"693","LA20_ROB","LA20","Willow","Seedling","Depth","critical","ROB","Low"
"694","LA202_LOB","LA202","Steelhead","Smolts","Depth","critical","LOB","Low"
"695","LA202_LOB","LA202","SAS","Juvenile","Depth","critical","LOB","Partial"
"696","LA202_LOB","LA202","SAS","Fry","Velocity","critical","LOB","Low"
"697","LA202_LOB","LA202","SAS","Fry","Depth","critical","LOB","Low"
"698","LA202_LOB","LA202","Typha","Adult","Velocity","Annual","LOB","High"
"699","LA202_LOB","LA202","Willow","Seedling","Shear","critical","LOB","Low"
"700","LA202_LOB","LA202","Steelhead","Migration","Depth","critical","LOB","Low"
"701","LA202_LOB","LA202","SAS","Adult","Velocity","Annual","LOB","Low"
"702","LA202_LOB","LA202","Steelhead","Migration","Velocity","critical","LOB","High"
"703","LA202_LOB","LA202","Cladophora","Adult","Velocity","critical","LOB","Low"
"704","LA202_LOB","LA202","SAS","Adult","Depth","Annual","LOB","Partial"
"705","LA202_LOB","LA202","Typha","Seedling","Depth","critical","LOB","Low"
"706","LA202_LOB","LA202","Steelhead","Migration_Prolonged","Depth","critical","LOB","Low"
"707","LA202_LOB","LA202","Typha","Adult","Depth","Annual","LOB","Partial"
"708","LA202_LOB","LA202","Willow","Germination","Depth","critical","LOB","Low"
"709","LA202_LOB","LA202","Cladophora","Adult","Depth","critical","LOB","Low"
"710","LA202_LOB","LA202","Steelhead","Migration_Prolonged","Velocity","critical","LOB","High"
"711","LA202_LOB","LA202","Cladophora","Adult","Shear Stress","critical","LOB","High"
"712","LA202_LOB","LA202","Willow","Adult","StreamPower","Annual","LOB","High"
"713","LA202_LOB","LA202","SAS","Juvenile","Velocity","summer","LOB","Low"
"714","LA202_LOB","LA202","Willow","Seedling","Depth","critical","LOB","Low"
"715","LA202_MC","LA202","SAS","Juvenile","Depth","critical","MC","Partial"
"716","LA202_MC","LA202","Typha","Adult","Depth","Annual","MC","Partial"
"717","LA202_MC","LA202","Steelhead","Migration_Prolonged","Velocity","critical","MC","High"
"718","LA202_MC","LA202","Willow","Seedling","Shear","critical","MC","High"
"719","LA202_MC","LA202","SAS","Fry","Depth","critical","MC","Low"
"720","LA202_MC","LA202","SAS","Fry","Velocity","critical","MC","Low"
"721","LA202_MC","LA202","Steelhead","Migration","Velocity","critical","MC","High"
"722","LA202_MC","LA202","SAS","Adult","Velocity","Annual","MC","Partial"
"723","LA202_MC","LA202","Steelhead","Smolts","Depth","critical","MC","High"
"724","LA202_MC","LA202","SAS","Juvenile","Velocity","summer","MC","Partial"
"725","LA202_MC","LA202","Willow","Seedling","Depth","critical","MC","High"
"726","LA202_MC","LA202","Cladophora","Adult","Velocity","critical","MC","Partial"
"727","LA202_MC","LA202","Typha","Adult","Velocity","Annual","MC","Partial"
"728","LA202_MC","LA202","Steelhead","Migration","Depth","critical","MC","Low"
"729","LA202_MC","LA202","Typha","Seedling","Depth","critical","MC","Partial"
"730","LA202_MC","LA202","SAS","Adult","Depth","Annual","MC","Partial"
"731","LA202_MC","LA202","Willow","Adult","StreamPower","Annual","MC","High"
"732","LA202_MC","LA202","Willow","Germination","Depth","critical","MC","Low"
"733","LA202_MC","LA202","Cladophora","Adult","Depth","critical","MC","High"
"734","LA202_MC","LA202","Steelhead","Migration_Prolonged","Depth","critical","MC","Low"
"735","LA202_MC","LA202","Cladophora","Adult","Shear Stress","critical","MC","Partial"
"736","LA202_ROB","LA202","SAS","Juvenile","Depth","critical","ROB","Partial"
"737","LA202_ROB","LA202","Typha","Adult","Velocity","Annual","ROB","High"
"738","LA202_ROB","LA202","SAS","Fry","Velocity","critical","ROB","Low"
"739","LA202_ROB","LA202","Steelhead","Migration","Velocity","critical","ROB","High"
"740","LA202_ROB","LA202","Willow","Seedling","Depth","critical","ROB","Low"
"741","LA202_ROB","LA202","Willow","Seedling","Shear","critical","ROB","Low"
"742","LA202_ROB","LA202","SAS","Fry","Depth","critical","ROB","Low"
"743","LA202_ROB","LA202","Steelhead","Migration_Prolonged","Velocity","critical","ROB","High"
"744","LA202_ROB","LA202","Steelhead","Migration_Prolonged","Depth","critical","ROB","Low"
"745","LA202_ROB","LA202","Typha","Adult","Depth","Annual","ROB","Partial"
"746","LA202_ROB","LA202","SAS","Adult","Velocity","Annual","ROB","Low"
"747","LA202_ROB","LA202","SAS","Adult","Depth","Annual","ROB","Partial"
"748","LA202_ROB","LA202","Cladophora","Adult","Shear Stress","critical","ROB","High"
"749","LA202_ROB","LA202","Cladophora","Adult","Velocity","critical","ROB","Low"
"750","LA202_ROB","LA202","Typha","Seedling","Depth","critical","ROB","Low"
"751","LA202_ROB","LA202","Steelhead","Smolts","Depth","critical","ROB","Low"
"752","LA202_ROB","LA202","Steelhead","Migration","Depth","critical","ROB","Low"
"753","LA202_ROB","LA202","SAS","Juvenile","Velocity","summer","ROB","Low"
"754","LA202_ROB","LA202","Willow","Germination","Depth","critical","ROB","Low"
"755","LA202_ROB","LA202","Willow","Adult","StreamPower","Annual","ROB","High"
"756","LA202_ROB","LA202","Cladophora","Adult","Depth","critical","ROB","Low"
"757","LA3_LOB","LA3","SAS","Juvenile","Depth","critical","LOB","Partial"
"758","LA3_LOB","LA3","Willow","Seedling","Depth","critical","LOB","Low"
"759","LA3_LOB","LA3","Steelhead","Migration","Velocity","critical","LOB","High"
"760","LA3_LOB","LA3","SAS","Fry","Depth","critical","LOB","Partial"
"761","LA3_LOB","LA3","Steelhead","Migration_Prolonged","Velocity","critical","LOB","High"
"762","LA3_LOB","LA3","SAS","Fry","Velocity","critical","LOB","Low"
"763","LA3_LOB","LA3","Typha","Adult","Depth","Annual","LOB","Partial"
"764","LA3_LOB","LA3","Willow","Seedling","Shear","critical","LOB","Low"
"765","LA3_LOB","LA3","Steelhead","Smolts","Depth","critical","LOB","Low"
"766","LA3_LOB","LA3","SAS","Juvenile","Velocity","summer","LOB","Partial"
"767","LA3_LOB","LA3","Cladophora","Adult","Velocity","critical","LOB","Partial"
"768","LA3_LOB","LA3","SAS","Adult","Velocity","Annual","LOB","Partial"
"769","LA3_LOB","LA3","Steelhead","Migration","Depth","critical","LOB","Low"
"770","LA3_LOB","LA3","SAS","Adult","Depth","Annual","LOB","Partial"
"771","LA3_LOB","LA3","Typha","Seedling","Depth","critical","LOB","Partial"
"772","LA3_LOB","LA3","Typha","Adult","Velocity","Annual","LOB","Partial"
"773","LA3_LOB","LA3","Willow","Germination","Depth","critical","LOB","Low"
"774","LA3_LOB","LA3","Cladophora","Adult","Shear Stress","critical","LOB","High"
"775","LA3_LOB","LA3","Steelhead","Migration_Prolonged","Depth","critical","LOB","Low"
"776","LA3_LOB","LA3","Willow","Adult","StreamPower","Annual","LOB","High"
"777","LA3_LOB","LA3","Cladophora","Adult","Depth","critical","LOB","Partial"
"778","LA3_MC","LA3","Cladophora","Adult","Velocity","critical","MC","High"
"779","LA3_MC","LA3","Willow","Seedling","Shear","critical","MC","High"
"780","LA3_MC","LA3","Willow","Adult","StreamPower","Annual","MC","High"
"781","LA3_MC","LA3","SAS","Adult","Depth","Annual","MC","High"
"782","LA3_MC","LA3","Steelhead","Migration_Prolonged","Velocity","critical","MC","High"
"783","LA3_MC","LA3","SAS","Juvenile","Depth","critical","MC","High"
"784","LA3_MC","LA3","Steelhead","Migration","Velocity","critical","MC","High"
"785","LA3_MC","LA3","Steelhead","Migration","Depth","critical","MC","High"
"786","LA3_MC","LA3","SAS","Fry","Depth","critical","MC","Low"
"787","LA3_MC","LA3","Willow","Seedling","Depth","critical","MC","High"
"788","LA3_MC","LA3","Typha","Adult","Depth","Annual","MC","High"
"789","LA3_MC","LA3","Cladophora","Adult","Shear Stress","critical","MC","High"
"790","LA3_MC","LA3","Willow","Germination","Depth","critical","MC","Low"
"791","LA3_MC","LA3","SAS","Fry","Velocity","critical","MC","Low"
"792","LA3_MC","LA3","Steelhead","Migration_Prolonged","Depth","critical","MC","High"
"793","LA3_MC","LA3","Cladophora","Adult","Depth","critical","MC","High"
"794","LA3_MC","LA3","SAS","Adult","Velocity","Annual","MC","Partial"
"795","LA3_MC","LA3","Steelhead","Smolts","Depth","critical","MC","High"
"796","LA3_MC","LA3","SAS","Juvenile","Velocity","summer","MC","Partial"
"797","LA3_MC","LA3","Typha","Seedling","Depth","critical","MC","Low"
"798","LA3_MC","LA3","Typha","Adult","Velocity","Annual","MC","Low"
"799","LA3_ROB","LA3","Steelhead","Migration","Depth","critical","ROB","Low"
"800","LA3_ROB","LA3","SAS","Adult","Depth","Annual","ROB","Partial"
"801","LA3_ROB","LA3","SAS","Juvenile","Depth","critical","ROB","Partial"
"802","LA3_ROB","LA3","Steelhead","Migration","Velocity","critical","ROB","High"
"803","LA3_ROB","LA3","Willow","Germination","Depth","critical","ROB","Low"
"804","LA3_ROB","LA3","Steelhead","Smolts","Depth","critical","ROB","Low"
"805","LA3_ROB","LA3","Willow","Seedling","Depth","critical","ROB","Low"
"806","LA3_ROB","LA3","Steelhead","Migration_Prolonged","Depth","critical","ROB","Low"
"807","LA3_ROB","LA3","SAS","Adult","Velocity","Annual","ROB","Partial"
"808","LA3_ROB","LA3","Willow","Adult","StreamPower","Annual","ROB","High"
"809","LA3_ROB","LA3","SAS","Fry","Velocity","critical","ROB","Low"
"810","LA3_ROB","LA3","SAS","Fry","Depth","critical","ROB","Partial"
"811","LA3_ROB","LA3","Cladophora","Adult","Shear Stress","critical","ROB","High"
"812","LA3_ROB","LA3","Typha","Adult","Velocity","Annual","ROB","Partial"
"813","LA3_ROB","LA3","Cladophora","Adult","Velocity","critical","ROB","Partial"
"814","LA3_ROB","LA3","Typha","Seedling","Depth","critical","ROB","Partial"
"815","LA3_ROB","LA3","Steelhead","Migration_Prolonged","Velocity","critical","ROB","High"
"816","LA3_ROB","LA3","Cladophora","Adult","Depth","critical","ROB","Partial"
"817","LA3_ROB","LA3","Willow","Seedling","Shear","critical","ROB","High"
"818","LA3_ROB","LA3","SAS","Juvenile","Velocity","summer","ROB","Partial"
"819","LA3_ROB","LA3","Typha","Adult","Depth","Annual","ROB","Partial"
"820","LA8_LOB","LA8","Cladophora","Adult","Velocity","critical","LOB","Partial"
"821","LA8_LOB","LA8","Steelhead","Migration_Prolonged","Velocity","critical","LOB","High"
"822","LA8_LOB","LA8","Willow","Adult","StreamPower","Annual","LOB","High"
"823","LA8_LOB","LA8","Steelhead","Migration","Depth","critical","LOB","Low"
"824","LA8_LOB","LA8","SAS","Juvenile","Velocity","summer","LOB","High"
"825","LA8_LOB","LA8","Cladophora","Adult","Shear Stress","critical","LOB","High"
"826","LA8_LOB","LA8","SAS","Juvenile","Depth","critical","LOB","Partial"
"827","LA8_LOB","LA8","Willow","Seedling","Shear","critical","LOB","High"
"828","LA8_LOB","LA8","SAS","Adult","Depth","Annual","LOB","Partial"
"829","LA8_LOB","LA8","Willow","Seedling","Depth","critical","LOB","Low"
"830","LA8_LOB","LA8","Typha","Adult","Depth","Annual","LOB","Partial"
"831","LA8_LOB","LA8","SAS","Adult","Velocity","Annual","LOB","High"
"832","LA8_LOB","LA8","SAS","Fry","Depth","critical","LOB","Low"
"833","LA8_LOB","LA8","Typha","Seedling","Depth","critical","LOB","Partial"
"834","LA8_LOB","LA8","Steelhead","Migration_Prolonged","Depth","critical","LOB","Low"
"835","LA8_LOB","LA8","Steelhead","Migration","Velocity","critical","LOB","High"
"836","LA8_LOB","LA8","Willow","Germination","Depth","critical","LOB","Low"
"837","LA8_LOB","LA8","Steelhead","Smolts","Depth","critical","LOB","Partial"
"838","LA8_LOB","LA8","SAS","Fry","Velocity","critical","LOB","Low"
"839","LA8_LOB","LA8","Typha","Adult","Velocity","Annual","LOB","Partial"
"840","LA8_LOB","LA8","Cladophora","Adult","Depth","critical","LOB","High"
"841","LA8_MC","LA8","Steelhead","Migration_Prolonged","Depth","critical","MC","High"
"842","LA8_MC","LA8","Willow","Germination","Depth","critical","MC","Low"
"843","LA8_MC","LA8","SAS","Fry","Velocity","critical","MC","Low"
"844","LA8_MC","LA8","Steelhead","Migration","Velocity","critical","MC","High"
"845","LA8_MC","LA8","Typha","Adult","Velocity","Annual","MC","Low"
"846","LA8_MC","LA8","SAS","Adult","Depth","Annual","MC","Partial"
"847","LA8_MC","LA8","Cladophora","Adult","Depth","critical","MC","High"
"848","LA8_MC","LA8","SAS","Juvenile","Velocity","summer","MC","Partial"
"849","LA8_MC","LA8","Cladophora","Adult","Shear Stress","critical","MC","High"
"850","LA8_MC","LA8","Willow","Adult","StreamPower","Annual","MC","High"
"851","LA8_MC","LA8","Cladophora","Adult","Velocity","critical","MC","High"
"852","LA8_MC","LA8","SAS","Fry","Depth","critical","MC","Low"
"853","LA8_MC","LA8","Steelhead","Migration_Prolonged","Velocity","critical","MC","High"
"854","LA8_MC","LA8","SAS","Juvenile","Depth","critical","MC","High"
"855","LA8_MC","LA8","Willow","Seedling","Shear","critical","MC","High"
"856","LA8_MC","LA8","Steelhead","Migration","Depth","critical","MC","High"
"857","LA8_MC","LA8","Typha","Seedling","Depth","critical","MC","Low"
"858","LA8_MC","LA8","Typha","Adult","Depth","Annual","MC","Partial"
"859","LA8_MC","LA8","SAS","Adult","Velocity","Annual","MC","Partial"
"860","LA8_MC","LA8","Steelhead","Smolts","Depth","critical","MC","High"
"861","LA8_MC","LA8","Willow","Seedling","Depth","critical","MC","High"
"862","LA8_ROB","LA8","Cladophora","Adult","Velocity","critical","ROB","Partial"
"863","LA8_ROB","LA8","Cladophora","Adult","Shear Stress","critical","ROB","High"
"864","LA8_ROB","LA8","SAS","Adult","Velocity","Annual","ROB","High"
"865","LA8_ROB","LA8","SAS","Fry","Depth","critical","ROB","Low"
"866","LA8_ROB","LA8","SAS","Juvenile","Velocity","summer","ROB","High"
"867","LA8_ROB","LA8","Steelhead","Migration_Prolonged","Velocity","critical","ROB","High"
"868","LA8_ROB","LA8","SAS","Juvenile","Depth","critical","ROB","Partial"
"869","LA8_ROB","LA8","Steelhead","Migration","Depth","critical","ROB","Low"
"870","LA8_ROB","LA8","Steelhead","Smolts","Depth","critical","ROB","Partial"
"871","LA8_ROB","LA8","SAS","Fry","Velocity","critical","ROB","Low"
"872","LA8_ROB","LA8","Typha","Adult","Depth","Annual","ROB","Partial"
"873","LA8_ROB","LA8","Typha","Adult","Velocity","Annual","ROB","Partial"
"874","LA8_ROB","LA8","Cladophora","Adult","Depth","critical","ROB","High"
"875","LA8_ROB","LA8","Typha","Seedling","Depth","critical","ROB","Partial"
"876","LA8_ROB","LA8","Steelhead","Migration_Prolonged","Depth","critical","ROB","Low"
"877","LA8_ROB","LA8","Willow","Adult","StreamPower","Annual","ROB","High"
"878","LA8_ROB","LA8","Willow","Germination","Depth","critical","ROB","Low"
"879","LA8_ROB","LA8","SAS","Adult","Depth","Annual","ROB","Partial"
"880","LA8_ROB","LA8","Willow","Seedling","Depth","critical","ROB","Low"
"881","LA8_ROB","LA8","Steelhead","Migration","Velocity","critical","ROB","High"
"882","LA8_ROB","LA8","Willow","Seedling","Shear","critical","ROB","Low"
